subreddit,month,count(1),sum(wordcount),absolutist_freq,funct_freq,pronoun_freq,i_freq,we_freq,you_freq,shehe_freq,they_freq,article_freq,verb_freq,auxverb_freq,past_freq,present_freq,future_freq,adverb_freq,preps_freq,conjunctions_freq,negate_freq,quant_freq,number_freq,swear_freq,social_freq,family_freq,friend_freq,humans_freq,affect_freq,posemo_freq,negemo_freq,anx_freq,anger_freq,sad_freq,cogmech_freq,insight_freq,cause_freq,discrep_freq,tentat_freq,certain_freq,inhib_freq,percept_freq,bio_freq,body_freq,ingest_freq,relativ_freq,motion_freq,space_freq,time_freq,work_freq,achieve_freq,leisure_freq,home_freq,money_freq,relig_freq,death_freq,assent_freq,nonfl_freq,filler_freq
buildapc,16-12,11394,2670024,0.005858748835216462,0.4225051909645756,0.11574839776721108,0.053445961534428155,0.0013104751118342007,0.01522795300716398,0.0012224609216995802,0.0015539186164618744,0.04960554661680944,0.11232221133592807,0.07867419918322832,0.014512603632027278,0.07833375280521823,0.009016772882940378,0.03189184816316258,0.09412162587302586,0.04931603611053684,0.01204521008050864,0.030678750453179447,0.004373368928518994,3.074878727681849E-4,0.03480605417779016,4.389473652671287E-4,5.561747759570701E-4,4.958756925031385E-4,0.02951583955799648,0.024694534580962567,0.004644153011358699,3.097350435801326E-4,0.0011857571317711003,8.419399975430933E-4,0.1177562448876864,0.010590916036709782,0.010062081838964744,0.021247749083903367,0.02737428577421027,0.010061707310496085,0.0016220827977576231,0.014142194976524556,0.002347169913079433,4.760256836642667E-4,2.4194539075304193E-4,0.08181724209220591,0.010341105548114923,0.03946106851473994,0.02550164343092047,0.013566170191728613,0.018123807126827325,0.018169499600003594,0.0014790129227302826,0.011878919440424506,4.1797377102228294E-4,2.8089635149346974E-4,0.0036336752029195243,8.052362076146132E-4,0.0026561558997222497
subreddit,month,count(1),sum(wordcount),absolutist_freq,funct_freq,pronoun_freq,i_freq,we_freq,you_freq,shehe_freq,they_freq,article_freq,verb_freq,auxverb_freq,past_freq,present_freq,future_freq,adverb_freq,preps_freq,conjunctions_freq,negate_freq,quant_freq,number_freq,swear_freq,social_freq,family_freq,friend_freq,humans_freq,affect_freq,posemo_freq,negemo_freq,anx_freq,anger_freq,sad_freq,cogmech_freq,insight_freq,cause_freq,discrep_freq,tentat_freq,certain_freq,inhib_freq,percept_freq,bio_freq,body_freq,ingest_freq,relativ_freq,motion_freq,space_freq,time_freq,work_freq,achieve_freq,leisure_freq,home_freq,money_freq,relig_freq,death_freq,assent_freq,nonfl_freq,filler_freq
mentalhealth,16-12,442,145483,0.013726689716324243,0.6269942192558581,0.21192854147907317,0.11441886680918045,0.0037667631269632878,0.0050933786078098476,0.01695730772667597,0.006440615054679928,0.04672023535395888,0.18072214623014374,0.11683839348927366,0.04304970340177203,0.11628162740663858,0.008468343380326223,0.05993827457503626,0.12930720427816308,0.0805867352199226,0.0226074524171209,0.03074586034107078,0.005388945787480324,0.0013747310682347765,0.07169909886378477,0.004082951272657286,0.0011616477526583862,0.00716922252084436,0.045606703188688716,0.025308798966202237,0.019273729576651567,0.0032168706996693773,0.004625970044610023,0.004742822185409979,0.1904140002611989,0.027412137500601445,0.015919385770158712,0.024511454946626068,0.03447138153598702,0.015128915405923716,0.0038423733357162006,0.017892124853075616,0.018737584460040004,0.005533292549644976,0.0024126530247520327,0.12239918066028334,0.01494332671171202,0.05023267323329873,0.05410254119037963,0.009904937346631565,0.012819367211289292,0.004914663568939326,0.004048582995951417,0.002646357306351945,7.904703642349965E-4,0.0013403627915289072,0.001058542922540778,0.0010860375439054736,0.0062619000158094075
subreddit,month,count(1),sum(wordcount),absolutist_freq,funct_freq,pronoun_freq,i_freq,we_freq,you_freq,shehe_freq,they_freq,article_freq,verb_freq,auxverb_freq,past_freq,present_freq,future_freq,adverb_freq,preps_freq,conjunctions_freq,negate_freq,quant_freq,number_freq,swear_freq,social_freq,family_freq,friend_freq,humans_freq,affect_freq,posemo_freq,negemo_freq,anx_freq,anger_freq,sad_freq,cogmech_freq,insight_freq,cause_freq,discrep_freq,tentat_freq,certain_freq,inhib_freq,percept_freq,bio_freq,body_freq,ingest_freq,relativ_freq,motion_freq,space_freq,time_freq,work_freq,achieve_freq,leisure_freq,home_freq,money_freq,relig_freq,death_freq,assent_freq,nonfl_freq,filler_freq
DestinyTheGame,16-12,1455,460088,0.011289144685364539,0.5269904887760603,0.12380240301855297,0.03517370589974092,0.006753055937125072,0.018155222479177897,0.004275269078958808,0.007365982159934621,0.07359244318478204,0.13040114065135366,0.08350141712020309,0.0243279546521535,0.08277981603519327,0.011271756707412496,0.04475882874580515,0.12929265705691084,0.06390299247100555,0.01388864738919511,0.03147441359044357,0.008826572307906313,9.020013562622802E-4,0.061149171462850586,4.542609239971484E-4,6.607431621776704E-4,0.002816852428231121,0.04343734242144981,0.029370468258246248,0.013851697936047017,5.542417972214011E-4,0.00804193980282033,0.0027429535219349343,0.15164055571977536,0.014258141920676044,0.015686129609987654,0.0204113126184556,0.029433499678322407,0.012932308601832693,0.0038862130722818245,0.016007807202100467,0.007266001286710368,0.004266575089982786,5.781502669054615E-4,0.11862295908608787,0.014455930169880544,0.055991462502825544,0.04404592164977135,0.009191719844899237,0.017253221122915618,0.011330441133000644,0.0014823251204117472,0.003573229469145033,0.0014866721148997584,0.0032146024238841266,0.001754012275912434,0.0011584740310549286,0.0033732677226965277
subreddit,month,count(1),sum(wordcount),absolutist_freq,funct_freq,pronoun_freq,i_freq,we_freq,you_freq,shehe_freq,they_freq,article_freq,verb_freq,auxverb_freq,past_freq,present_freq,future_freq,adverb_freq,preps_freq,conjunctions_freq,negate_freq,quant_freq,number_freq,swear_freq,social_freq,family_freq,friend_freq,humans_freq,affect_freq,posemo_freq,negemo_freq,anx_freq,anger_freq,sad_freq,cogmech_freq,insight_freq,cause_freq,discrep_freq,tentat_freq,certain_freq,inhib_freq,percept_freq,bio_freq,body_freq,ingest_freq,relativ_freq,motion_freq,space_freq,time_freq,work_freq,achieve_freq,leisure_freq,home_freq,money_freq,relig_freq,death_freq,assent_freq,nonfl_freq,filler_freq
buildapcforme,16-12,1271,458336,0.0037134329400265306,0.5228391398450045,0.12008221043077567,0.026332210430775674,0.0035519793339384206,0.05030370732388466,8.247224743419675E-4,5.541785938699993E-4,0.05877783983802276,0.15357292466662012,0.11860730992110591,0.0031592543461565316,0.0951834462054039,0.025180217133282133,0.028668924108077917,0.10501466173287718,0.08291515394819521,0.01513954827899183,0.03344925993157858,0.007592683097116526,1.0909027438385812E-4,0.06303890595545626,0.002982528101654681,3.1636179571318857E-4,2.3999860364448789E-4,0.02091478740487328,0.0195467953640997,0.001138902464567479,1.7236263352649584E-4,3.861795713188578E-4,2.7708929693499965E-4,0.14862895343154367,0.008862493890944635,0.009645762061020736,0.04178593869999302,0.06042073937024366,0.004245793479019758,7.679955316623612E-4,0.008223224883055226,9.141764993367311E-4,1.8981707742791315E-4,1.221811073099211E-4,0.09306491307686937,0.007060322558123298,0.05469349996509111,0.029954007540319766,0.012052293513928647,0.00798977169587377,0.006154873280737275,0.0037876143266075543,0.015161366333868604,5.23633317042519E-4,1.985442993786218E-4,0.004679972771067514,5.476331774069679E-4,0.005799238986245898
subreddit,month,count(1),sum(wordcount),absolutist_freq,funct_freq,pronoun_freq,i_freq,we_freq,you_freq,shehe_freq,they_freq,article_freq,verb_freq,auxverb_freq,past_freq,present_freq,future_freq,adverb_freq,preps_freq,conjunctions_freq,negate_freq,quant_freq,number_freq,swear_freq,social_freq,family_freq,friend_freq,humans_freq,affect_freq,posemo_freq,negemo_freq,anx_freq,anger_freq,sad_freq,cogmech_freq,insight_freq,cause_freq,discrep_freq,tentat_freq,certain_freq,inhib_freq,percept_freq,bio_freq,body_freq,ingest_freq,relativ_freq,motion_freq,space_freq,time_freq,work_freq,achieve_freq,leisure_freq,home_freq,money_freq,relig_freq,death_freq,assent_freq,nonfl_freq,filler_freq
opiates,16-12,800,208320,0.012864823348694316,0.595526113671275,0.17950748847926268,0.08860887096774193,0.004123463901689708,0.010973502304147465,0.013085637480798771,0.0061971966205837175,0.057853302611367126,0.16797235023041474,0.10360983102918586,0.04276593701996928,0.10370103686635945,0.00972542242703533,0.057982910906298,0.1317300307219662,0.07627688172043011,0.01982046850998464,0.031259600614439324,0.007982910906298003,0.005918778801843318,0.06595142089093702,0.002476958525345622,0.0012912826420890936,0.005390745007680491,0.0455213133640553,0.027318548387096773,0.01789074500768049,0.0011040706605222733,0.009043778801843318,0.002548963133640553,0.16829877112135178,0.01788594470046083,0.014501728110599079,0.022191820276497697,0.031768433179723506,0.01396889400921659,0.004147465437788019,0.01634504608294931,0.025945660522273425,0.008856566820276498,0.0029521889400921657,0.1372455837173579,0.01695468509984639,0.05862615207373272,0.05759408602150538,0.007378072196620584,0.010786290322580645,0.004857910906298003,0.005088325652841782,0.006149193548387097,0.0016801075268817205,0.0012192780337941629,0.002491359447004608,0.0016897081413210445,0.004560291858678955
subreddit,month,count(1),sum(wordcount),absolutist_freq,funct_freq,pronoun_freq,i_freq,we_freq,you_freq,shehe_freq,they_freq,article_freq,verb_freq,auxverb_freq,past_freq,present_freq,future_freq,adverb_freq,preps_freq,conjunctions_freq,negate_freq,quant_freq,number_freq,swear_freq,social_freq,family_freq,friend_freq,humans_freq,affect_freq,posemo_freq,negemo_freq,anx_freq,anger_freq,sad_freq,cogmech_freq,insight_freq,cause_freq,discrep_freq,tentat_freq,certain_freq,inhib_freq,percept_freq,bio_freq,body_freq,ingest_freq,relativ_freq,motion_freq,space_freq,time_freq,work_freq,achieve_freq,leisure_freq,home_freq,money_freq,relig_freq,death_freq,assent_freq,nonfl_freq,filler_freq
proED,16-12,439,96588,0.01443243467097362,0.6190624094090363,0.20788296682817742,0.12564707831200564,0.0024019546941649065,0.006698554685882304,0.00802377106886984,0.004275893485733218,0.045657845695117404,0.1829626868762165,0.11951795254068828,0.03912494305710854,0.12331759638878535,0.008520727212490165,0.06838323601275521,0.12447716072389944,0.08521762537789374,0.023978133929680706,0.03250921439516296,0.00636725059013542,0.0037375243301445314,0.047583550751646164,0.002588313248022529,8.696732513355696E-4,0.004193067461796497,0.04821509918416366,0.027487886693999253,0.020344142129457076,0.002422661200149087,0.006833146974779476,0.005218039508013418,0.18000165652047873,0.02165900525945252,0.016585911293328363,0.02435085103739595,0.02891663560690769,0.014794798525696774,0.005746055410610014,0.02234231995693047,0.042241272207727665,0.008893444320205408,0.027353294405102084,0.1273450118027084,0.01357311467263014,0.05059634737234439,0.059903921812233404,0.005953120470451816,0.01520892864538038,0.006211951795254069,0.0034786930053422784,0.00271255228392761,0.0018842920445604008,5.694289145649563E-4,0.0024951339710937177,0.0011595643351140928,0.006201598542261978
subreddit,month,count(1),sum(wordcount),absolutist_freq,funct_freq,pronoun_freq,i_freq,we_freq,you_freq,shehe_freq,they_freq,article_freq,verb_freq,auxverb_freq,past_freq,present_freq,future_freq,adverb_freq,preps_freq,conjunctions_freq,negate_freq,quant_freq,number_freq,swear_freq,social_freq,family_freq,friend_freq,humans_freq,affect_freq,posemo_freq,negemo_freq,anx_freq,anger_freq,sad_freq,cogmech_freq,insight_freq,cause_freq,discrep_freq,tentat_freq,certain_freq,inhib_freq,percept_freq,bio_freq,body_freq,ingest_freq,relativ_freq,motion_freq,space_freq,time_freq,work_freq,achieve_freq,leisure_freq,home_freq,money_freq,relig_freq,death_freq,assent_freq,nonfl_freq,filler_freq
wow,16-12,1522,336830,0.01135884570851765,0.571243654068818,0.14879909746756523,0.05916931389721818,0.006884778671733515,0.01284030519846807,0.004435471899771398,0.007151975774129383,0.06508327643024671,0.15016180268978416,0.09984561945194906,0.027084879612861087,0.09864323249116765,0.010756167799780305,0.054119288661936285,0.13031202683846452,0.07278745954932755,0.016833417450939643,0.0357628477273402,0.007742778256093578,0.0012706706647270137,0.05991152807054004,3.532939465012024E-4,6.442419024433691E-4,0.0038595137012736396,0.045429445120684024,0.03354808063414779,0.011587447673900781,6.234599055903572E-4,0.004975803817949708,0.00244633791526883,0.16899326069530624,0.017070925986402637,0.01724015081792002,0.024582133420419795,0.035813318291126085,0.012492948965353442,0.002968856693287415,0.012101059881839503,0.007451830300151412,0.002689784164118398,6.620550426030935E-4,0.1155211827925066,0.013095626874090788,0.0527714277231838,0.04500786747023721,0.009215331175964136,0.014271294124632603,0.011391503132143812,0.0012469198111807144,0.004310779918653327,0.0024700887688151292,0.0017872517293590238,0.0019980405545824303,0.0011459786836089422,0.004485942463557284
subreddit,month,count(1),sum(wordcount),absolutist_freq,funct_freq,pronoun_freq,i_freq,we_freq,you_freq,shehe_freq,they_freq,article_freq,verb_freq,auxverb_freq,past_freq,present_freq,future_freq,adverb_freq,preps_freq,conjunctions_freq,negate_freq,quant_freq,number_freq,swear_freq,social_freq,family_freq,friend_freq,humans_freq,affect_freq,posemo_freq,negemo_freq,anx_freq,anger_freq,sad_freq,cogmech_freq,insight_freq,cause_freq,discrep_freq,tentat_freq,certain_freq,inhib_freq,percept_freq,bio_freq,body_freq,ingest_freq,relativ_freq,motion_freq,space_freq,time_freq,work_freq,achieve_freq,leisure_freq,home_freq,money_freq,relig_freq,death_freq,assent_freq,nonfl_freq,filler_freq
r4r,16-12,1692,396283,0.009962577249087142,0.5959604625986984,0.19473204755187581,0.10451874039512167,0.006783031318527416,0.019566824718698507,0.002422511185188363,0.0027631768206054764,0.05344160612491578,0.16620193144798034,0.11483460052538211,0.013727563382734056,0.12728025173928734,0.010063515215136657,0.05829419884274622,0.13105785511869042,0.08223416094053997,0.01742189294014631,0.032433891940860445,0.005294196319297068,0.0017235157702954708,0.08781603046307815,0.0013071466603412209,0.0019783841345704964,0.01054801745217433,0.05987892490972361,0.04854863822066553,0.010447079486124815,0.0012743418213751283,0.003659001269294923,0.0018673523719160297,0.18499910417555132,0.01675317891506827,0.00999033518975076,0.03090468175521029,0.0476603841194298,0.011294958400940741,0.0022004476598794297,0.020450031921631764,0.01766919095696762,0.004486692590900947,0.0033233825321802852,0.10728191721572715,0.013492882611668934,0.05177360623594754,0.039572729589712405,0.01032090702856292,0.011400943265292732,0.018105747660131774,0.0024906443122717854,0.003553016404942932,0.0011607866095694238,6.40956084414421E-4,0.0032148742186770564,0.0019102510074870736,0.00745679224190793
subreddit,month,count(1),sum(wordcount),absolutist_freq,funct_freq,pronoun_freq,i_freq,we_freq,you_freq,shehe_freq,they_freq,article_freq,verb_freq,auxverb_freq,past_freq,present_freq,future_freq,adverb_freq,preps_freq,conjunctions_freq,negate_freq,quant_freq,number_freq,swear_freq,social_freq,family_freq,friend_freq,humans_freq,affect_freq,posemo_freq,negemo_freq,anx_freq,anger_freq,sad_freq,cogmech_freq,insight_freq,cause_freq,discrep_freq,tentat_freq,certain_freq,inhib_freq,percept_freq,bio_freq,body_freq,ingest_freq,relativ_freq,motion_freq,space_freq,time_freq,work_freq,achieve_freq,leisure_freq,home_freq,money_freq,relig_freq,death_freq,assent_freq,nonfl_freq,filler_freq
DotA2,16-12,2553,644136,0.010853298061278984,0.5244839599090875,0.12707564862078816,0.035922538097544615,0.005118484295241999,0.015473440391470125,0.008731075425065514,0.007566725039432666,0.06359992299762783,0.13370778841735287,0.08632959499236185,0.023290112647018642,0.08869089757442528,0.010049120061601897,0.050924028466038225,0.12116540606331583,0.06657134518176286,0.01768725859135338,0.03435299377771154,0.0066259299278413255,0.0017993094625979606,0.06821075052473391,5.092092353167654E-4,3.570674515940733E-4,0.0035582547784939827,0.04931567246668406,0.034461666480370606,0.014675472260516412,6.892954282946459E-4,0.006837065464436081,0.0034588968789199797,0.1570258454736267,0.01528714432976887,0.019042562440230015,0.021108896257933107,0.029857048821987902,0.012441471987282189,0.0038345939366841784,0.0118003030415937,0.006629034862203013,0.002039941875628749,0.0012466311462175689,0.11389520225542432,0.013340350484990748,0.052596035619807,0.0441490616888359,0.009521281220115007,0.02263497149670256,0.020015959362619073,5.138666368592968E-4,0.0053544593067302556,0.0017946520610554293,0.001743420644087584,0.0017170287020132394,0.001032390675261125,0.004199423724182471
subreddit,month,count(1),sum(wordcount),absolutist_freq,funct_freq,pronoun_freq,i_freq,we_freq,you_freq,shehe_freq,they_freq,article_freq,verb_freq,auxverb_freq,past_freq,present_freq,future_freq,adverb_freq,preps_freq,conjunctions_freq,negate_freq,quant_freq,number_freq,swear_freq,social_freq,family_freq,friend_freq,humans_freq,affect_freq,posemo_freq,negemo_freq,anx_freq,anger_freq,sad_freq,cogmech_freq,insight_freq,cause_freq,discrep_freq,tentat_freq,certain_freq,inhib_freq,percept_freq,bio_freq,body_freq,ingest_freq,relativ_freq,motion_freq,space_freq,time_freq,work_freq,achieve_freq,leisure_freq,home_freq,money_freq,relig_freq,death_freq,assent_freq,nonfl_freq,filler_freq
baseball,16-12,209,88815,0.007408658447334347,0.4771603895738332,0.08962450036592919,0.016663851826831052,0.003895738332488881,0.005798570061363508,0.01572932500140742,0.00817429488262118,0.07914203681810505,0.1042391487924337,0.0682317176152677,0.033440297247086644,0.05171423745988853,0.009007487473962732,0.03751618532905478,0.1325001407419918,0.05559871643303496,0.010673872656645838,0.028441141699037324,0.014749760738613973,9.79564262793447E-4,0.05844733434667567,4.165962956707763E-4,2.8148398356133537E-4,0.0025108371333671113,0.03963294488543602,0.02420762258627484,0.015166357034284749,6.080054044924843E-4,0.010144682767550527,0.0023081686652029498,0.11641051624162585,0.009547936722400495,0.010448685469796768,0.013207228508697854,0.02162922929685301,0.009390305691606147,0.0026459494454765522,0.01236277655801385,0.004852783876597422,0.002499577774024658,3.940775769858695E-4,0.1334909643641277,0.0173056353093509,0.06253448178798626,0.050700895119067724,0.01217136744919214,0.018454089962281147,0.016179699375105557,0.0019478691662444406,0.0052018240162134775,0.0011259359342453415,0.007600067556156055,0.0012610482463547824,0.0010133423408208073,0.0024883184146822046
subreddit,month,count(1),sum(wordcount),absolutist_freq,funct_freq,pronoun_freq,i_freq,we_freq,you_freq,shehe_freq,they_freq,article_freq,verb_freq,auxverb_freq,past_freq,present_freq,future_freq,adverb_freq,preps_freq,conjunctions_freq,negate_freq,quant_freq,number_freq,swear_freq,social_freq,family_freq,friend_freq,humans_freq,affect_freq,posemo_freq,negemo_freq,anx_freq,anger_freq,sad_freq,cogmech_freq,insight_freq,cause_freq,discrep_freq,tentat_freq,certain_freq,inhib_freq,percept_freq,bio_freq,body_freq,ingest_freq,relativ_freq,motion_freq,space_freq,time_freq,work_freq,achieve_freq,leisure_freq,home_freq,money_freq,relig_freq,death_freq,assent_freq,nonfl_freq,filler_freq
tifu,16-12,825,309286,0.010653569835039413,0.5867126219744832,0.1746441804672698,0.08963548301572008,0.00824802933207452,0.0041094650258983595,0.016583356504982442,0.004969510420775593,0.07453942305826969,0.14015183357798283,0.07955096577277988,0.061684007682209996,0.06390525274341548,0.005745491228183623,0.051974547829517014,0.14140310262992828,0.07097961110428536,0.015260955879024592,0.024019839242642733,0.007872971941827305,0.004503921936330774,0.06685397981156599,0.004287293960929367,0.002172746260742484,0.004801381245837186,0.03450204664937954,0.01933808837128095,0.01495379680942558,0.0014096984667912548,0.00695149473303027,0.0024055405029648935,0.14271580349579355,0.013088209618282108,0.010973661918095226,0.013644329196924529,0.01888219964692873,0.01111269181275583,0.0038475715033981493,0.02014316845896678,0.02368034763940172,0.011545947763558648,0.005005076207781794,0.1601495056355606,0.025520068803631592,0.07429369580259049,0.0567629960618974,0.011836940566336659,0.010184748097230396,0.008826781684266342,0.00954133067775457,0.004853113299664388,0.001678058496019865,6.919162199388268E-4,0.0019722845521620764,0.0014387977470690558,0.002939027308057914
subreddit,month,count(1),sum(wordcount),absolutist_freq,funct_freq,pronoun_freq,i_freq,we_freq,you_freq,shehe_freq,they_freq,article_freq,verb_freq,auxverb_freq,past_freq,present_freq,future_freq,adverb_freq,preps_freq,conjunctions_freq,negate_freq,quant_freq,number_freq,swear_freq,social_freq,family_freq,friend_freq,humans_freq,affect_freq,posemo_freq,negemo_freq,anx_freq,anger_freq,sad_freq,cogmech_freq,insight_freq,cause_freq,discrep_freq,tentat_freq,certain_freq,inhib_freq,percept_freq,bio_freq,body_freq,ingest_freq,relativ_freq,motion_freq,space_freq,time_freq,work_freq,achieve_freq,leisure_freq,home_freq,money_freq,relig_freq,death_freq,assent_freq,nonfl_freq,filler_freq
leagueoflegends,16-12,2549,638747,0.010461105883863252,0.5323187427886158,0.1340640347430203,0.03821231254315089,0.004511958568885646,0.016238041039723084,0.013391843719031165,0.008836049327824632,0.06116819335355,0.13702295274968024,0.08849982857062343,0.023607155884880868,0.09062899708335224,0.010794571246518574,0.050448769231010084,0.12109176246620336,0.07043164194900328,0.017138240962384168,0.03345925695150036,0.006580070043381808,0.0013479515363672941,0.07531463944253358,2.818017149199918E-4,4.947185661928745E-4,0.0038027575863370006,0.050274991506809426,0.034652217544661655,0.015408291545791996,6.450128141502035E-4,0.007088878695320683,0.0033628337980452353,0.15796864799365007,0.015594593790655769,0.018429832155767465,0.02265685787956734,0.030843197697993104,0.012178530779792312,0.0037620528941818905,0.011782442813821434,0.00720003381620579,0.002545608824777259,9.549947005621944E-4,0.11035355156266878,0.01256052866001719,0.05099515144493829,0.04334736601502629,0.009456013100648614,0.02269912813680534,0.01833746381587702,5.620378647570947E-4,0.004477516137062092,0.0015921796892979536,0.0020211445220094967,0.002187094420795714,0.0013338614506212946,0.004142485209323879
subreddit,month,count(1),sum(wordcount),absolutist_freq,funct_freq,pronoun_freq,i_freq,we_freq,you_freq,shehe_freq,they_freq,article_freq,verb_freq,auxverb_freq,past_freq,present_freq,future_freq,adverb_freq,preps_freq,conjunctions_freq,negate_freq,quant_freq,number_freq,swear_freq,social_freq,family_freq,friend_freq,humans_freq,affect_freq,posemo_freq,negemo_freq,anx_freq,anger_freq,sad_freq,cogmech_freq,insight_freq,cause_freq,discrep_freq,tentat_freq,certain_freq,inhib_freq,percept_freq,bio_freq,body_freq,ingest_freq,relativ_freq,motion_freq,space_freq,time_freq,work_freq,achieve_freq,leisure_freq,home_freq,money_freq,relig_freq,death_freq,assent_freq,nonfl_freq,filler_freq
computers,16-12,303,52593,0.010913999961972126,0.556062593881315,0.1546023235031278,0.0818930275892229,0.0018443519099499933,0.003764759568763904,0.0019204076588139106,0.0033844808244443175,0.0662635711976879,0.14893617021276595,0.09930979407905995,0.02850189188675299,0.09624855018728729,0.011940752571635009,0.0490749719544426,0.11697374175270474,0.07331774190481623,0.018747742094955604,0.031449052155229786,0.006331641092921111,7.795714258551519E-4,0.031163843096990093,7.985853630711311E-4,6.08445990911338E-4,8.746411119350484E-4,0.0298708953663035,0.022018139296104043,0.007605574886391725,3.802787443195863E-4,0.0015211149772783451,0.0015591428517103038,0.15939383568155457,0.015154107961135513,0.015116080086703555,0.024489951134181356,0.033863822181659155,0.011294278706291712,0.003023216017340711,0.014203411100336547,0.0028901184568288557,9.69710798014945E-4,3.4225086988762764E-4,0.11558572433593824,0.015857623638126747,0.05268762002547868,0.04289544235924933,0.017093529557165404,0.01627593025687829,0.009430912859125739,0.0022056167170536,0.006540794402296883,6.274599281273173E-4,3.802787443195863E-4,0.001273933793470614,8.746411119350484E-4,0.0031943414522845243
subreddit,month,count(1),sum(wordcount),absolutist_freq,funct_freq,pronoun_freq,i_freq,we_freq,you_freq,shehe_freq,they_freq,article_freq,verb_freq,auxverb_freq,past_freq,present_freq,future_freq,adverb_freq,preps_freq,conjunctions_freq,negate_freq,quant_freq,number_freq,swear_freq,social_freq,family_freq,friend_freq,humans_freq,affect_freq,posemo_freq,negemo_freq,anx_freq,anger_freq,sad_freq,cogmech_freq,insight_freq,cause_freq,discrep_freq,tentat_freq,certain_freq,inhib_freq,percept_freq,bio_freq,body_freq,ingest_freq,relativ_freq,motion_freq,space_freq,time_freq,work_freq,achieve_freq,leisure_freq,home_freq,money_freq,relig_freq,death_freq,assent_freq,nonfl_freq,filler_freq
StarWarsBattlefront,16-12,436,96129,0.01129731922728833,0.5545360921262054,0.133674541501524,0.038053032903702315,0.0054926192928252664,0.014709400909194936,0.004660404248457801,0.009664097202717182,0.07532586420331014,0.14366112203393358,0.0945084209759802,0.026089941640920013,0.09250070218144368,0.012368796096911442,0.0531473332709172,0.12595574696501577,0.07016613092823186,0.016717119703731444,0.03364229316855476,0.008530204204766512,0.001966108042318135,0.06476713582789793,2.600672013648327E-4,0.0011338929979506705,0.003828189204090337,0.05161813812689199,0.034682561974014085,0.016644300887349292,5.617451549480386E-4,0.010517117623193833,0.0018516784737176086,0.16025340948100988,0.014241279946738237,0.016873160024550343,0.02359329650781762,0.03063591632077729,0.012524836417730341,0.0037865784518719635,0.013991615433427997,0.00660570691466675,0.002777517710576413,2.9127526552861257E-4,0.11835138199710805,0.014230877258683643,0.0578181402074296,0.04266142371188715,0.007094633253232636,0.015593629393835367,0.020202020202020204,7.177854757669382E-4,0.004067451029345983,7.697989160399047E-4,0.002891947279176939,0.002226175243682968,0.0014043628873700964,0.004889263385658854
subreddit,month,count(1),sum(wordcount),absolutist_freq,funct_freq,pronoun_freq,i_freq,we_freq,you_freq,shehe_freq,they_freq,article_freq,verb_freq,auxverb_freq,past_freq,present_freq,future_freq,adverb_freq,preps_freq,conjunctions_freq,negate_freq,quant_freq,number_freq,swear_freq,social_freq,family_freq,friend_freq,humans_freq,affect_freq,posemo_freq,negemo_freq,anx_freq,anger_freq,sad_freq,cogmech_freq,insight_freq,cause_freq,discrep_freq,tentat_freq,certain_freq,inhib_freq,percept_freq,bio_freq,body_freq,ingest_freq,relativ_freq,motion_freq,space_freq,time_freq,work_freq,achieve_freq,leisure_freq,home_freq,money_freq,relig_freq,death_freq,assent_freq,nonfl_freq,filler_freq
gaming,16-12,1095,231799,0.011009538436317672,0.565830741288789,0.1517047096838209,0.06047912199793787,0.004253685304940919,0.012441813812829218,0.005470256558483859,0.007433164077498177,0.07037562715973752,0.1473561145647738,0.09718764964473531,0.03165242300441331,0.09390031881069374,0.00972825594588415,0.05219176959348401,0.12370200044003642,0.07239461775072369,0.01736849598143219,0.035017407322723564,0.00782143149884167,0.0016005245924270598,0.06632038964792773,0.0012338275833804287,8.7144465679317E-4,0.0042407430575628026,0.048330665792345955,0.036842264203037975,0.011199358064530046,6.600546162839356E-4,0.0051812130337059266,0.002023304673445528,0.1639955306105721,0.016842177921388788,0.014823187330402634,0.02340821142455317,0.03363258685326511,0.012670460183175941,0.0031967351023947472,0.01292930513073827,0.006557405338245635,0.002174297559523553,7.247658531745176E-4,0.11182101734692557,0.013006958615006968,0.051449747410472,0.043645572241467825,0.00956863489488738,0.01358073158210346,0.02663514510416352,0.0015660119327520826,0.008136359518375835,0.001880939952286248,0.0019413371067174578,0.002049189168201761,0.0011950008412460796,0.005340834084702695
subreddit,month,count(1),sum(wordcount),absolutist_freq,funct_freq,pronoun_freq,i_freq,we_freq,you_freq,shehe_freq,they_freq,article_freq,verb_freq,auxverb_freq,past_freq,present_freq,future_freq,adverb_freq,preps_freq,conjunctions_freq,negate_freq,quant_freq,number_freq,swear_freq,social_freq,family_freq,friend_freq,humans_freq,affect_freq,posemo_freq,negemo_freq,anx_freq,anger_freq,sad_freq,cogmech_freq,insight_freq,cause_freq,discrep_freq,tentat_freq,certain_freq,inhib_freq,percept_freq,bio_freq,body_freq,ingest_freq,relativ_freq,motion_freq,space_freq,time_freq,work_freq,achieve_freq,leisure_freq,home_freq,money_freq,relig_freq,death_freq,assent_freq,nonfl_freq,filler_freq
movies,16-12,925,219690,0.010041422003732533,0.5477855159542993,0.13646957075879648,0.0375438117347171,0.0038099139696845556,0.007838317629386863,0.016318448723200873,0.00840274932859939,0.08257544722108426,0.13552733397059494,0.08597569302198553,0.03563657881560381,0.08187445946561063,0.007892940051891301,0.049615367108197916,0.12374254631526241,0.06725385770858938,0.015849606263371115,0.03072056079020438,0.00949519777868815,0.0016068095953388865,0.06852382903181756,0.002590013200418772,7.237470981838045E-4,0.007838317629386863,0.04538212936410396,0.030019573034730757,0.014921025080795666,0.0012836269288542946,0.006882425235559197,0.002385179116027129,0.15302471664618325,0.018744594656106332,0.013814921025080796,0.018271200327734535,0.029227547908416404,0.012590468387272976,0.002580909463334699,0.018243889116482316,0.009395056670763348,0.0033956939323592336,9.786517365378488E-4,0.11123856343028814,0.013541808912558606,0.05256952979197961,0.04225044380718285,0.007228367244753972,0.01154353862260458,0.022518093677454595,0.0027038099139696844,0.0030269925804542763,0.002130274477673085,0.0025535982520824797,0.001879921707861077,0.0012790750603122582,0.004579179753288725
subreddit,month,count(1),sum(wordcount),absolutist_freq,funct_freq,pronoun_freq,i_freq,we_freq,you_freq,shehe_freq,they_freq,article_freq,verb_freq,auxverb_freq,past_freq,present_freq,future_freq,adverb_freq,preps_freq,conjunctions_freq,negate_freq,quant_freq,number_freq,swear_freq,social_freq,family_freq,friend_freq,humans_freq,affect_freq,posemo_freq,negemo_freq,anx_freq,anger_freq,sad_freq,cogmech_freq,insight_freq,cause_freq,discrep_freq,tentat_freq,certain_freq,inhib_freq,percept_freq,bio_freq,body_freq,ingest_freq,relativ_freq,motion_freq,space_freq,time_freq,work_freq,achieve_freq,leisure_freq,home_freq,money_freq,relig_freq,death_freq,assent_freq,nonfl_freq,filler_freq
teenagers,16-12,568,141853,0.013753674578613071,0.6270434886819454,0.211817867792715,0.09177810832340522,0.010419236815576688,0.01201948495978231,0.026485164219297443,0.006464438538487025,0.053499044785799386,0.17350355649862886,0.11003644618020063,0.04421478572888836,0.10865473412617287,0.009516894249681008,0.06323447512565825,0.12767442352294275,0.07948369086307656,0.02284054619923442,0.030482259804163466,0.007345632450494526,0.003792658597280283,0.10298689488414063,0.0028127709671279424,0.002255856414739202,0.010221849379287008,0.047753660479510476,0.031835773653006987,0.015614756120772913,0.0015438517338371412,0.006591330461816106,0.0029044151339767225,0.18226614875963146,0.019484959782309855,0.015078990222272352,0.02524444319119088,0.03173707993486215,0.014874553234686613,0.0033344377630363828,0.016312661699082853,0.014338787336186052,0.006210654691828865,0.002086667183633762,0.1284639732681015,0.016446603173707993,0.05375987818375361,0.054655171198353225,0.014536174772475732,0.010806962136859988,0.007366781104382706,0.0032991900065560825,0.0031511494293388225,0.0011913741690341409,8.529957068232607E-4,0.002805721415831882,0.001339414746251401,0.0069649566805072855
subreddit,month,count(1),sum(wordcount),absolutist_freq,funct_freq,pronoun_freq,i_freq,we_freq,you_freq,shehe_freq,they_freq,article_freq,verb_freq,auxverb_freq,past_freq,present_freq,future_freq,adverb_freq,preps_freq,conjunctions_freq,negate_freq,quant_freq,number_freq,swear_freq,social_freq,family_freq,friend_freq,humans_freq,affect_freq,posemo_freq,negemo_freq,anx_freq,anger_freq,sad_freq,cogmech_freq,insight_freq,cause_freq,discrep_freq,tentat_freq,certain_freq,inhib_freq,percept_freq,bio_freq,body_freq,ingest_freq,relativ_freq,motion_freq,space_freq,time_freq,work_freq,achieve_freq,leisure_freq,home_freq,money_freq,relig_freq,death_freq,assent_freq,nonfl_freq,filler_freq
socialanxiety,16-12,354,100074,0.013949677238843257,0.6325019485580671,0.21143353918100605,0.11438535483742031,0.00422687211463517,0.0085836481004057,0.009073285768531288,0.009013330135699582,0.04834422527329776,0.17829805943601734,0.11583428263085317,0.03795191558246897,0.1182824709714811,0.008883426264564223,0.06453224613785799,0.1326518376401463,0.08161960149489378,0.023582548913803784,0.031236884705318064,0.006215400603553371,0.0019285728560864959,0.08156963846753403,0.002618062633651098,0.0013789795551292043,0.01096188820272998,0.04780462457781242,0.02853888122789136,0.018646201810660113,0.004346783380298579,0.004846413653896117,0.003977056977836401,0.19351679756979834,0.025730959090273196,0.017557007814217478,0.025581070008193936,0.03521394168315447,0.015088834262645642,0.003487419309710814,0.01965545496332714,0.012430801207106741,0.004276835141994924,0.0021484101764694128,0.12245938005875652,0.016148050442672424,0.051072206567140316,0.05189160021584028,0.01309031316825549,0.013749825129404241,0.006095489337889962,0.0034274636768791096,0.0033575154385754543,0.0010392309690828788,5.695785119011931E-4,0.0016787577192877272,0.0012290904730499431,0.006974838619421628
subreddit,month,count(1),sum(wordcount),absolutist_freq,funct_freq,pronoun_freq,i_freq,we_freq,you_freq,shehe_freq,they_freq,article_freq,verb_freq,auxverb_freq,past_freq,present_freq,future_freq,adverb_freq,preps_freq,conjunctions_freq,negate_freq,quant_freq,number_freq,swear_freq,social_freq,family_freq,friend_freq,humans_freq,affect_freq,posemo_freq,negemo_freq,anx_freq,anger_freq,sad_freq,cogmech_freq,insight_freq,cause_freq,discrep_freq,tentat_freq,certain_freq,inhib_freq,percept_freq,bio_freq,body_freq,ingest_freq,relativ_freq,motion_freq,space_freq,time_freq,work_freq,achieve_freq,leisure_freq,home_freq,money_freq,relig_freq,death_freq,assent_freq,nonfl_freq,filler_freq
HomeImprovement,16-12,834,152469,0.008100007214581324,0.5827807619909621,0.1384609330421266,0.05694272278299195,0.009844624153106532,0.0035482622697072847,0.0025185447533596994,0.005148587581737927,0.09386170303471525,0.15017478962936728,0.10617240225881983,0.02698909286477907,0.09914802353265253,0.011602358512222157,0.04827210777272757,0.13362716355455864,0.06605277138303524,0.015485115006985026,0.030373387377106167,0.007772071699820947,8.46073628081774E-4,0.03780440614157632,0.001252713666384642,2.951419632843398E-4,0.0012068026943181892,0.02677921413533243,0.019472810866471218,0.00720146390413789,6.952232912920003E-4,0.0020463176121047555,0.0010231588060523778,0.16071463707376582,0.0142455187611908,0.012461549560894345,0.02460172231732352,0.034033147721831976,0.009870858994287364,0.0034892338770504167,0.017308436469052727,0.009110048600043287,0.0020922285841712086,0.004807534646387134,0.14057939646747863,0.01726908420728148,0.08290865684171865,0.03661727957814375,0.008395149177865664,0.012159848887314799,0.004886239169929625,0.01972860056798431,0.005260085656756455,2.62348411808302E-4,1.1805678531373591E-4,9.444542825098873E-4,0.001167450432546944,0.0035613796902977
subreddit,month,count(1),sum(wordcount),absolutist_freq,funct_freq,pronoun_freq,i_freq,we_freq,you_freq,shehe_freq,they_freq,article_freq,verb_freq,auxverb_freq,past_freq,present_freq,future_freq,adverb_freq,preps_freq,conjunctions_freq,negate_freq,quant_freq,number_freq,swear_freq,social_freq,family_freq,friend_freq,humans_freq,affect_freq,posemo_freq,negemo_freq,anx_freq,anger_freq,sad_freq,cogmech_freq,insight_freq,cause_freq,discrep_freq,tentat_freq,certain_freq,inhib_freq,percept_freq,bio_freq,body_freq,ingest_freq,relativ_freq,motion_freq,space_freq,time_freq,work_freq,achieve_freq,leisure_freq,home_freq,money_freq,relig_freq,death_freq,assent_freq,nonfl_freq,filler_freq
nfl,16-12,577,181919,0.00878962615229855,0.42238578708106356,0.07673195213254251,0.010526662965385694,0.0022757381032217634,0.011004897784178673,0.009405284769595259,0.007481351590543044,0.0750224000791561,0.09930793375073521,0.06452322187347116,0.02075099357406318,0.05932860229003018,0.009691126270483017,0.028985427580406665,0.1183273874636514,0.04404707589641544,0.010317778791660024,0.026742671188825794,0.007965083361276172,5.332043381944711E-4,0.05827318751752154,1.9789026984537073E-4,1.0444208686283455E-4,0.0015831221587629658,0.03295422688119438,0.024170097680835976,0.008690681017375865,4.947256746134269E-4,0.0018634667077105744,0.004155695666752786,0.11378140820914803,0.009234879259450634,0.01135670270834822,0.01446797750647266,0.022009795568357346,0.008272912669924528,0.0032212138369274237,0.010636602004188677,0.0064039490102738034,0.005095674448518297,3.902835877505923E-4,0.1250666505422743,0.01352799872470715,0.06499595974032399,0.04385468257851022,0.010807007514333302,0.026050055244366998,0.021207240585095564,0.0030837900384236942,0.004392064600179201,8.52027550723124E-4,3.1882321252865286E-4,7.915610793814829E-4,9.674635414662569E-4,0.001638091678164458
subreddit,month,count(1),sum(wordcount),absolutist_freq,funct_freq,pronoun_freq,i_freq,we_freq,you_freq,shehe_freq,they_freq,article_freq,verb_freq,auxverb_freq,past_freq,present_freq,future_freq,adverb_freq,preps_freq,conjunctions_freq,negate_freq,quant_freq,number_freq,swear_freq,social_freq,family_freq,friend_freq,humans_freq,affect_freq,posemo_freq,negemo_freq,anx_freq,anger_freq,sad_freq,cogmech_freq,insight_freq,cause_freq,discrep_freq,tentat_freq,certain_freq,inhib_freq,percept_freq,bio_freq,body_freq,ingest_freq,relativ_freq,motion_freq,space_freq,time_freq,work_freq,achieve_freq,leisure_freq,home_freq,money_freq,relig_freq,death_freq,assent_freq,nonfl_freq,filler_freq
Overwatch,16-12,5740,1341606,0.011279019324600516,0.5733508943758451,0.153445199261184,0.05234919939237004,0.006276805559903578,0.014913469379236526,0.01243956869602551,0.008670205708680491,0.06424389873032768,0.15022592325913867,0.09843351922993786,0.028020894360937562,0.09861166393113925,0.010516500373433034,0.05626763744348191,0.12646261271938258,0.0749295993011361,0.019192669084664202,0.03290832032653402,0.007903959880918838,0.0018954894357956062,0.08093806974625933,4.1964630450370673E-4,7.580466992544756E-4,0.005357012416462061,0.05436469425449797,0.03712938075709262,0.016993066518784204,6.924536711970579E-4,0.007709416922703089,0.004282181206703011,0.16933809180936876,0.016588327720657183,0.017787636608661558,0.02395561737201533,0.0338750721150621,0.012220428352288228,0.004139069145486827,0.012730265070370884,0.008618774811680927,0.0026356471273980588,4.7033182618443867E-4,0.11613692842757113,0.01254913886789415,0.05542163645660499,0.04429169219577134,0.010948818058356924,0.025128092748541674,0.023129741518746933,6.044993835746113E-4,0.002445576421095314,0.0024187429096172797,0.002775777687338906,0.0019491564587516752,0.0014736070053353964,0.004365663242412452
subreddit,month,count(1),sum(wordcount),absolutist_freq,funct_freq,pronoun_freq,i_freq,we_freq,you_freq,shehe_freq,they_freq,article_freq,verb_freq,auxverb_freq,past_freq,present_freq,future_freq,adverb_freq,preps_freq,conjunctions_freq,negate_freq,quant_freq,number_freq,swear_freq,social_freq,family_freq,friend_freq,humans_freq,affect_freq,posemo_freq,negemo_freq,anx_freq,anger_freq,sad_freq,cogmech_freq,insight_freq,cause_freq,discrep_freq,tentat_freq,certain_freq,inhib_freq,percept_freq,bio_freq,body_freq,ingest_freq,relativ_freq,motion_freq,space_freq,time_freq,work_freq,achieve_freq,leisure_freq,home_freq,money_freq,relig_freq,death_freq,assent_freq,nonfl_freq,filler_freq
SuicideWatch,16-12,1377,456749,0.017865392151925893,0.6427709748680347,0.22725829722670438,0.13558212497454838,0.0032928369848647726,0.004700612371346188,0.014966644699824193,0.006587863356022673,0.0450181609593015,0.19577930110410752,0.12669978478332738,0.043487779940404904,0.12820389316670644,0.010373312256841285,0.06193992761888915,0.12573426542805785,0.07550974386369756,0.030544128175431146,0.02986760781085454,0.006533128698694469,0.0033891699817624123,0.071844711209001,0.005852229561531607,0.0016201458569148482,0.007411072602238867,0.05163229695084171,0.027257859349445756,0.02392123463871842,0.0021674924301968916,0.008396296434146544,0.006187205664380218,0.18502722501855504,0.02486704951734979,0.016389745790357506,0.026255120427193055,0.028674392281099685,0.017692430634768767,0.003910243919526917,0.01564973322328018,0.020418216569713342,0.005396837212560947,0.0019485538008840741,0.1246964963251151,0.0161795647062172,0.048843018813396415,0.05640078029727487,0.010868113559088252,0.013731830830499902,0.0055807456611837135,0.004744400097208752,0.0038730243525437386,0.0014581312712233633,0.003938705941337584,0.0014625100438096198,0.0010114964674252161,0.005366185804457153
subreddit,month,count(1),sum(wordcount),absolutist_freq,funct_freq,pronoun_freq,i_freq,we_freq,you_freq,shehe_freq,they_freq,article_freq,verb_freq,auxverb_freq,past_freq,present_freq,future_freq,adverb_freq,preps_freq,conjunctions_freq,negate_freq,quant_freq,number_freq,swear_freq,social_freq,family_freq,friend_freq,humans_freq,affect_freq,posemo_freq,negemo_freq,anx_freq,anger_freq,sad_freq,cogmech_freq,insight_freq,cause_freq,discrep_freq,tentat_freq,certain_freq,inhib_freq,percept_freq,bio_freq,body_freq,ingest_freq,relativ_freq,motion_freq,space_freq,time_freq,work_freq,achieve_freq,leisure_freq,home_freq,money_freq,relig_freq,death_freq,assent_freq,nonfl_freq,filler_freq
hearthstone,16-12,1990,474574,0.01103515995397978,0.5334931960031523,0.13101012697703623,0.045727325980774336,0.003196551012065558,0.015302144660263731,0.004342842212173444,0.00695781901241956,0.0659243869238517,0.13715037064820237,0.0891199265025054,0.025389085790624856,0.09108379304386671,0.009766653883272155,0.05058431351064323,0.12141204532907407,0.06793039652404051,0.01612814861328265,0.035882707438671314,0.008213682165478934,0.00110836244716314,0.051755890546047616,1.9175091766510596E-4,3.7928752944746234E-4,0.0023284040002191438,0.051473532051903394,0.039212009086043484,0.012120343718787797,5.963242824090658E-4,0.004865416141634392,0.003103836282645067,0.16060930434452794,0.015822611436783304,0.017506226636941763,0.021372852284364505,0.03279783553249862,0.013165491577709694,0.004146876988625588,0.010900302165731793,0.007069498118312424,0.003183908094417309,3.856089882715867E-4,0.10051962391534303,0.011043588565745279,0.04473485694538681,0.04060694433323359,0.007210677365384535,0.02180692579028771,0.02298903859039897,3.7718037650608756E-4,0.00695781901241956,0.0029479069649833325,0.0018079372236995705,0.0015993290825034663,0.0013654351060108645,0.004127912612153215
subreddit,month,count(1),sum(wordcount),absolutist_freq,funct_freq,pronoun_freq,i_freq,we_freq,you_freq,shehe_freq,they_freq,article_freq,verb_freq,auxverb_freq,past_freq,present_freq,future_freq,adverb_freq,preps_freq,conjunctions_freq,negate_freq,quant_freq,number_freq,swear_freq,social_freq,family_freq,friend_freq,humans_freq,affect_freq,posemo_freq,negemo_freq,anx_freq,anger_freq,sad_freq,cogmech_freq,insight_freq,cause_freq,discrep_freq,tentat_freq,certain_freq,inhib_freq,percept_freq,bio_freq,body_freq,ingest_freq,relativ_freq,motion_freq,space_freq,time_freq,work_freq,achieve_freq,leisure_freq,home_freq,money_freq,relig_freq,death_freq,assent_freq,nonfl_freq,filler_freq
BPD,16-12,554,163723,0.01490932856104518,0.644222253440262,0.23111597026685315,0.11476090714194095,0.005680325916334297,0.0070545983154474325,0.028487139864282966,0.007628738784410254,0.04436762092070143,0.18826310292384088,0.11993427923993574,0.045686922423850036,0.12021524159708777,0.008605999157112928,0.06396169139339006,0.12503435680997782,0.08362905639403138,0.026013449545879322,0.02917733000250423,0.005900209500192398,0.0023148855078394606,0.09604026312735535,0.003890717858822523,0.002046138905346225,0.009100737220793657,0.0529430806911674,0.029983569809983936,0.021823445697916603,0.0030295071553782913,0.007060706192776824,0.005173372097994784,0.19735162438997575,0.02740604557698063,0.01760901034063632,0.026251656761725597,0.03265882008025751,0.0163691112427698,0.004098385688021842,0.018549623449362642,0.014958191579680313,0.004177788093303934,0.0015208614550185375,0.11983044532533609,0.014127520262883041,0.04930889368017933,0.0530896697470728,0.006535428742449136,0.01202641046157229,0.005026783042089382,0.003206635597930651,0.00245536668641547,9.71152495373283E-4,0.001056662777984767,0.0016124796149594132,0.0010505549006553751,0.007011843174141691
subreddit,month,count(1),sum(wordcount),absolutist_freq,funct_freq,pronoun_freq,i_freq,we_freq,you_freq,shehe_freq,they_freq,article_freq,verb_freq,auxverb_freq,past_freq,present_freq,future_freq,adverb_freq,preps_freq,conjunctions_freq,negate_freq,quant_freq,number_freq,swear_freq,social_freq,family_freq,friend_freq,humans_freq,affect_freq,posemo_freq,negemo_freq,anx_freq,anger_freq,sad_freq,cogmech_freq,insight_freq,cause_freq,discrep_freq,tentat_freq,certain_freq,inhib_freq,percept_freq,bio_freq,body_freq,ingest_freq,relativ_freq,motion_freq,space_freq,time_freq,work_freq,achieve_freq,leisure_freq,home_freq,money_freq,relig_freq,death_freq,assent_freq,nonfl_freq,filler_freq
trees,16-12,1433,320831,0.012567364126284555,0.5999482593639642,0.18434315885933716,0.08871025555510534,0.008194345309524328,0.008580841626900143,0.012199569243620473,0.006286798968927566,0.06285863897191979,0.15983181176382583,0.10031137888795036,0.04786008833310996,0.09174923869576194,0.00883019408972325,0.05817704648241598,0.13007471223167338,0.077504979256992,0.017700907954655256,0.03061424862310687,0.007676938949166384,0.003338206096044335,0.06744049047629437,0.0026150839538573267,0.0026898896927042585,0.004575617692804,0.03981847140706478,0.02707032674523347,0.012483207670081757,0.0014431273785887274,0.0054109484432614055,0.001795337732326365,0.172028264101661,0.019025592913403007,0.014668158625569225,0.02210821273505366,0.03067035292724207,0.013835944780897108,0.0037963912464817925,0.01854247251668324,0.018106105706742804,0.006910180125985332,0.0043761357225455145,0.1380477572304422,0.018501952741474485,0.06082641639991148,0.054673644379751335,0.009126300139325689,0.010965274552646098,0.006152772020160147,0.005719522116004999,0.004478993613460046,0.0013807892628829508,6.732516496223868E-4,0.002325211715825466,0.0010971508364216675,0.005520040145746514
subreddit,month,count(1),sum(wordcount),absolutist_freq,funct_freq,pronoun_freq,i_freq,we_freq,you_freq,shehe_freq,they_freq,article_freq,verb_freq,auxverb_freq,past_freq,present_freq,future_freq,adverb_freq,preps_freq,conjunctions_freq,negate_freq,quant_freq,number_freq,swear_freq,social_freq,family_freq,friend_freq,humans_freq,affect_freq,posemo_freq,negemo_freq,anx_freq,anger_freq,sad_freq,cogmech_freq,insight_freq,cause_freq,discrep_freq,tentat_freq,certain_freq,inhib_freq,percept_freq,bio_freq,body_freq,ingest_freq,relativ_freq,motion_freq,space_freq,time_freq,work_freq,achieve_freq,leisure_freq,home_freq,money_freq,relig_freq,death_freq,assent_freq,nonfl_freq,filler_freq
tipofmytongue,16-12,1704,264233,0.008027006467776546,0.5935178422074457,0.16493776326196954,0.051500001892269325,0.0016311361563468606,0.006815954101115304,0.019849905197306922,0.009056400979438602,0.09354244170864351,0.146378385742886,0.09794007561508214,0.0491384497772799,0.07986511904266311,0.0070505954971559195,0.048400464741345704,0.12134744713945647,0.0694462841507306,0.015119231890036446,0.030862912656632595,0.009351594993812279,6.395870311429685E-4,0.08286247365014968,0.003281195005922803,8.969356590584824E-4,0.013798427902646527,0.03495021439411428,0.02585596802821752,0.009010986515688805,6.887860335385815E-4,0.0038602294187327093,0.0014343401467644087,0.16337096426260156,0.02258991117687798,0.009730048858393918,0.018521532132625373,0.04307183432803624,0.010854056836201383,0.0018430703205125779,0.022041153073234607,0.009514330155582383,0.004757165077791192,0.0017863022408253321,0.11459204565667422,0.013404835883481625,0.0591863998819224,0.03950301438503139,0.0086401017283988,0.008537919184961757,0.026446356056964875,0.0035650354043590318,0.0021761097213444194,0.0016954733133257391,0.0019111920161372729,0.0013624339124938974,7.455541132258272E-4,0.00584711220778631
subreddit,month,count(1),sum(wordcount),absolutist_freq,funct_freq,pronoun_freq,i_freq,we_freq,you_freq,shehe_freq,they_freq,article_freq,verb_freq,auxverb_freq,past_freq,present_freq,future_freq,adverb_freq,preps_freq,conjunctions_freq,negate_freq,quant_freq,number_freq,swear_freq,social_freq,family_freq,friend_freq,humans_freq,affect_freq,posemo_freq,negemo_freq,anx_freq,anger_freq,sad_freq,cogmech_freq,insight_freq,cause_freq,discrep_freq,tentat_freq,certain_freq,inhib_freq,percept_freq,bio_freq,body_freq,ingest_freq,relativ_freq,motion_freq,space_freq,time_freq,work_freq,achieve_freq,leisure_freq,home_freq,money_freq,relig_freq,death_freq,assent_freq,nonfl_freq,filler_freq
relationship_advice,16-12,2965,1182890,0.012740829662944144,0.6509447201345856,0.23476316479131618,0.09168054510563112,0.01562782676326624,0.003976701130282613,0.05900971349829655,0.0038338307027703336,0.044723516134213666,0.18047832004666536,0.10978958313959877,0.05617935733669234,0.10303071291497941,0.009295877046893625,0.061753840171106356,0.13052946596894047,0.08243454590029504,0.024024211887834032,0.02961898401372909,0.006750416353168934,0.0013957341764661126,0.13731454319505618,0.004420529381430226,0.0037002595338535282,0.007988063133511992,0.04497036918056624,0.029417781873208836,0.01505042734320182,0.002160809542730093,0.00436642460414747,0.0038186137341595584,0.19491753248400104,0.02241882169939724,0.01562867215041128,0.02634310882668718,0.028313706261782583,0.014284506589792795,0.0033257530285994473,0.016708231534631284,0.012853266153234873,0.003231915055499666,0.0018006746189417444,0.13504636948490562,0.01697960080819011,0.05330250488211076,0.061678600715197526,0.007633845919738944,0.011499801334020916,0.005424849309741396,0.004192274852268596,0.003172737955346651,7.955093034855312E-4,3.6098031093339194E-4,0.0016510410942691205,0.0011945320359458614,0.005392724598229759
subreddit,month,count(1),sum(wordcount),absolutist_freq,funct_freq,pronoun_freq,i_freq,we_freq,you_freq,shehe_freq,they_freq,article_freq,verb_freq,auxverb_freq,past_freq,present_freq,future_freq,adverb_freq,preps_freq,conjunctions_freq,negate_freq,quant_freq,number_freq,swear_freq,social_freq,family_freq,friend_freq,humans_freq,affect_freq,posemo_freq,negemo_freq,anx_freq,anger_freq,sad_freq,cogmech_freq,insight_freq,cause_freq,discrep_freq,tentat_freq,certain_freq,inhib_freq,percept_freq,bio_freq,body_freq,ingest_freq,relativ_freq,motion_freq,space_freq,time_freq,work_freq,achieve_freq,leisure_freq,home_freq,money_freq,relig_freq,death_freq,assent_freq,nonfl_freq,filler_freq
hardwareswap,16-12,1097,214444,0.010380332394471285,0.45562477849695027,0.10368674339221429,0.04682341310551939,0.0010678778608867582,0.008211934117998173,8.580328663893604E-4,0.0031989703605603327,0.05685866706459495,0.1230484415511742,0.0804592341124023,0.026305235865773813,0.07784782973643468,0.010739400496166831,0.03565033295405794,0.11438883811158158,0.05712447072429166,0.01609744268900039,0.028842028688142358,0.007353901251608811,4.989647646938128E-4,0.031085038518214547,5.455969856932346E-4,4.057003226949693E-4,7.554419801906325E-4,0.03126690418011229,0.02565238477178191,0.004593273768443044,2.0051855029751356E-4,0.0014455988509820745,0.0015481897371808025,0.1299127044822891,0.008114006453899387,0.012530077782544627,0.018485012404170786,0.02661767174646994,0.01172334035925463,0.0017906772863777957,0.019151853164462516,0.0038005260114528736,0.0017067392885788365,5.782395403928298E-4,0.09831004831098096,0.014525936841319878,0.049938445468280766,0.030245658540224953,0.015076197049113055,0.012553393893044338,0.00698550670571338,0.00169274962227901,0.02237413963552256,6.015556508925407E-4,5.362705414933502E-4,0.0026067411538676765,0.0013989666299826528,0.00237824327097051
subreddit,month,count(1),sum(wordcount),absolutist_freq,funct_freq,pronoun_freq,i_freq,we_freq,you_freq,shehe_freq,they_freq,article_freq,verb_freq,auxverb_freq,past_freq,present_freq,future_freq,adverb_freq,preps_freq,conjunctions_freq,negate_freq,quant_freq,number_freq,swear_freq,social_freq,family_freq,friend_freq,humans_freq,affect_freq,posemo_freq,negemo_freq,anx_freq,anger_freq,sad_freq,cogmech_freq,insight_freq,cause_freq,discrep_freq,tentat_freq,certain_freq,inhib_freq,percept_freq,bio_freq,body_freq,ingest_freq,relativ_freq,motion_freq,space_freq,time_freq,work_freq,achieve_freq,leisure_freq,home_freq,money_freq,relig_freq,death_freq,assent_freq,nonfl_freq,filler_freq
jobs,16-12,1120,279181,0.009287881338629778,0.6073873222031585,0.17864038025510331,0.09883194056902153,0.0032129693639610145,0.005530462316561657,0.008850888849885916,0.008123762003861295,0.06535545040672538,0.1676224384897253,0.11433442820249229,0.039082172497412075,0.10297262349515189,0.012031621063037958,0.051948377575837895,0.13651000605342054,0.07056712312084275,0.019797192502355104,0.028884487124840156,0.007980485778043635,0.0010781535992778878,0.06340689373560522,0.0014220165412402706,5.408677524616647E-4,0.0039221866817584295,0.0313488382089039,0.02227228930335517,0.008607319265995896,0.0012250117307409888,0.002417786310673004,0.0014793270315673344,0.1603189328786701,0.01832861118772409,0.014556864543074206,0.024478743180947126,0.030557237061261334,0.010774372181487996,0.002210035783237398,0.010853174105687709,0.005892234786751247,0.001783789011429861,9.312954678147869E-4,0.1337770120459487,0.01516578850279926,0.05974618616596401,0.056203681482622385,0.04307599729207933,0.018457559790959987,0.004323360114047875,0.002356893914700499,0.010047245335463374,3.725181871259147E-4,1.3969432017221802E-4,0.0012321755420318717,0.0014220165412402706,0.003560414211568839
subreddit,month,count(1),sum(wordcount),absolutist_freq,funct_freq,pronoun_freq,i_freq,we_freq,you_freq,shehe_freq,they_freq,article_freq,verb_freq,auxverb_freq,past_freq,present_freq,future_freq,adverb_freq,preps_freq,conjunctions_freq,negate_freq,quant_freq,number_freq,swear_freq,social_freq,family_freq,friend_freq,humans_freq,affect_freq,posemo_freq,negemo_freq,anx_freq,anger_freq,sad_freq,cogmech_freq,insight_freq,cause_freq,discrep_freq,tentat_freq,certain_freq,inhib_freq,percept_freq,bio_freq,body_freq,ingest_freq,relativ_freq,motion_freq,space_freq,time_freq,work_freq,achieve_freq,leisure_freq,home_freq,money_freq,relig_freq,death_freq,assent_freq,nonfl_freq,filler_freq
LongDistance,16-12,292,92395,0.013085123653877375,0.6444288110828508,0.2183667947399751,0.08601114778938254,0.019773797283402783,0.006493857892743113,0.0427512311272255,0.00400454570052492,0.04702635423994805,0.17880837707668165,0.11211645651820985,0.04977542074787597,0.103652795064668,0.010855565777368905,0.06290383678770496,0.1347367281779317,0.08253693381676498,0.021364792467124843,0.033941230586070674,0.006764435304940744,9.849017803993723E-4,0.11889171491963851,0.0023053195519238054,0.002337788841387521,0.004848747226581525,0.04139834406623735,0.02719844147410574,0.013799448022079117,0.0022187347800205637,0.0031711672709562205,0.0038421992532063423,0.18983711239785703,0.020996807186536067,0.015606905135559283,0.024124682071540667,0.02729584934249689,0.014373072135938091,0.0033551599112506087,0.01601818280209968,0.00992477947940906,0.0026083662535851507,7.576167541533633E-4,0.14609015639374426,0.01966556631852373,0.05655067914930462,0.06630228908490719,0.010000541154824395,0.01311759294334109,0.005411548243952595,0.00342009849017804,0.00456734671789599,0.0011147789382542346,3.246928946371557E-4,0.0015260566047946317,0.001028194166350993,0.004188538340819308
subreddit,month,count(1),sum(wordcount),absolutist_freq,funct_freq,pronoun_freq,i_freq,we_freq,you_freq,shehe_freq,they_freq,article_freq,verb_freq,auxverb_freq,past_freq,present_freq,future_freq,adverb_freq,preps_freq,conjunctions_freq,negate_freq,quant_freq,number_freq,swear_freq,social_freq,family_freq,friend_freq,humans_freq,affect_freq,posemo_freq,negemo_freq,anx_freq,anger_freq,sad_freq,cogmech_freq,insight_freq,cause_freq,discrep_freq,tentat_freq,certain_freq,inhib_freq,percept_freq,bio_freq,body_freq,ingest_freq,relativ_freq,motion_freq,space_freq,time_freq,work_freq,achieve_freq,leisure_freq,home_freq,money_freq,relig_freq,death_freq,assent_freq,nonfl_freq,filler_freq
bipolar,16-12,709,196857,0.013014523232600314,0.6186216390577932,0.20619028025419467,0.11446887842444008,0.004002905662485967,0.006994925250308599,0.01454863174791854,0.005476056223553138,0.04969597220317286,0.18192393463275372,0.11780632641968536,0.04674967108103852,0.11480922700234181,0.008153126381078651,0.0596371985756158,0.12742244370278932,0.07865100047242414,0.022549363243369553,0.029640805254575655,0.006492022127737393,0.002280843454893654,0.06664736331448716,0.003185053109617641,0.0011632809602909727,0.005887522414747761,0.04426563444530802,0.02591729021574036,0.017027588554128125,0.0023875198748330006,0.005232224406548916,0.004007985492006888,0.1830618164454401,0.02564297942161061,0.015097253336178038,0.023605967783721177,0.03128667001935415,0.013949211864449829,0.003748914186439903,0.017464453892927355,0.02087809933098645,0.005156026963735097,0.00294122129261342,0.13056685817623961,0.01604718145659032,0.05203269378279665,0.05924605170250486,0.01093179312902259,0.013400590276190331,0.00504935054379575,0.004099422423383472,0.003439044585663705,0.00135123465256506,0.0010921633469980747,0.001681423571424943,0.0013766338001696664,0.005735127529120122
subreddit,month,count(1),sum(wordcount),absolutist_freq,funct_freq,pronoun_freq,i_freq,we_freq,you_freq,shehe_freq,they_freq,article_freq,verb_freq,auxverb_freq,past_freq,present_freq,future_freq,adverb_freq,preps_freq,conjunctions_freq,negate_freq,quant_freq,number_freq,swear_freq,social_freq,family_freq,friend_freq,humans_freq,affect_freq,posemo_freq,negemo_freq,anx_freq,anger_freq,sad_freq,cogmech_freq,insight_freq,cause_freq,discrep_freq,tentat_freq,certain_freq,inhib_freq,percept_freq,bio_freq,body_freq,ingest_freq,relativ_freq,motion_freq,space_freq,time_freq,work_freq,achieve_freq,leisure_freq,home_freq,money_freq,relig_freq,death_freq,assent_freq,nonfl_freq,filler_freq
polyamory,16-12,379,148057,0.011036290077470163,0.6412327684607955,0.21502529431232567,0.08585207048636674,0.017067750933761998,0.004734663001411618,0.03589158229600762,0.006348906164517719,0.04730610508115118,0.1750947270308057,0.11355086216794882,0.046698231086676076,0.10529052999858163,0.008138757370472182,0.05772101285315791,0.13633938280527094,0.08132678630527432,0.02160654342584275,0.0339869104466523,0.007362029488642887,9.320734581951546E-4,0.12000783482037324,0.004207838872866531,0.005531653349723417,0.011684689004910272,0.04475303430435575,0.031562168624246066,0.012434400264762896,0.002809728685573799,0.0027084163531612823,0.003012353350398833,0.19967985302957644,0.02481476728557245,0.014278284714670702,0.02560500347839008,0.03042747050122588,0.012988241015284653,0.002755695441620457,0.01572367399042261,0.01242089195377456,0.002782712063597128,7.564654153467921E-4,0.12161532382798516,0.013846018763043963,0.05341186164787886,0.051777356018290255,0.005896377746408478,0.01123216058680103,0.00418082225088986,0.002566579087783759,0.0022153630020870342,7.429571043584566E-4,1.7560804284836245E-4,0.0020397549592386715,0.001330568632351054,0.00464010482449327
subreddit,month,count(1),sum(wordcount),absolutist_freq,funct_freq,pronoun_freq,i_freq,we_freq,you_freq,shehe_freq,they_freq,article_freq,verb_freq,auxverb_freq,past_freq,present_freq,future_freq,adverb_freq,preps_freq,conjunctions_freq,negate_freq,quant_freq,number_freq,swear_freq,social_freq,family_freq,friend_freq,humans_freq,affect_freq,posemo_freq,negemo_freq,anx_freq,anger_freq,sad_freq,cogmech_freq,insight_freq,cause_freq,discrep_freq,tentat_freq,certain_freq,inhib_freq,percept_freq,bio_freq,body_freq,ingest_freq,relativ_freq,motion_freq,space_freq,time_freq,work_freq,achieve_freq,leisure_freq,home_freq,money_freq,relig_freq,death_freq,assent_freq,nonfl_freq,filler_freq
pcmasterrace,16-12,3807,724048,0.00971068216471836,0.5246447749320488,0.14615053145647802,0.07439423905597418,0.002013678651139151,0.007082403376571719,0.00317520385388814,0.004074315514993481,0.06239503458334254,0.13893277793737432,0.09235299317172342,0.028277130797958145,0.08939186352286037,0.010652608666828718,0.04774269109230327,0.11356291295604712,0.06671104678142886,0.01648509491083464,0.031406757563034494,0.006572768656221687,0.0011560007071354384,0.0383344750624268,7.789538815106181E-4,8.866815459748525E-4,0.0015137117981128324,0.033834773385189934,0.02556598457560825,0.00807957483481758,4.999668530263187E-4,0.002365865246502994,0.0015496210196009105,0.14863517335867235,0.013854053874881223,0.01346733918193269,0.02283135924690076,0.030654045035688242,0.011565531566967937,0.0026061808056924403,0.013622025059112104,0.004141990586259475,0.0013576447970300312,4.737254988619539E-4,0.10876488851567852,0.013740801714803439,0.048199843104324576,0.04209251320354452,0.01509292201621992,0.014834651846286434,0.013615119439595164,0.0017567896051090535,0.009612622367577841,0.0011573818310388262,7.872406249309438E-4,0.001609009347446578,0.0010676087773186307,0.003411376041367423
subreddit,month,count(1),sum(wordcount),absolutist_freq,funct_freq,pronoun_freq,i_freq,we_freq,you_freq,shehe_freq,they_freq,article_freq,verb_freq,auxverb_freq,past_freq,present_freq,future_freq,adverb_freq,preps_freq,conjunctions_freq,negate_freq,quant_freq,number_freq,swear_freq,social_freq,family_freq,friend_freq,humans_freq,affect_freq,posemo_freq,negemo_freq,anx_freq,anger_freq,sad_freq,cogmech_freq,insight_freq,cause_freq,discrep_freq,tentat_freq,certain_freq,inhib_freq,percept_freq,bio_freq,body_freq,ingest_freq,relativ_freq,motion_freq,space_freq,time_freq,work_freq,achieve_freq,leisure_freq,home_freq,money_freq,relig_freq,death_freq,assent_freq,nonfl_freq,filler_freq
dating_advice,16-12,1237,359308,0.011026751422178188,0.6442578512028677,0.22591481403141594,0.0941949525198437,0.014680997918220579,0.005168267892727131,0.04814254066149376,0.003890812339274383,0.048983045186859184,0.1782398388012513,0.10822191545971702,0.05398154229797277,0.10304529818428758,0.009526645663330625,0.0655176060649916,0.13001102118516705,0.08392799492357532,0.02288287485945206,0.03029156044396451,0.0075311431974796,0.0012496242777783962,0.1295239738608659,0.0016503946474890623,0.002908368307969764,0.011953532902134103,0.044933594576241,0.03270453204493081,0.011875605330245917,0.002168056375032006,0.0029445489663464212,0.0025883086377147184,0.19833123671056588,0.02163325058167366,0.014655949770113664,0.028023311476504838,0.034502432453493936,0.01291927816803411,0.003245126743629421,0.01800126910617075,0.010431162122747058,0.0031755485544435417,0.0022543333296224967,0.14149142240083717,0.017703474456455186,0.055531744353034165,0.06536175092121523,0.008950538256871542,0.011466485577832945,0.00668228928941187,0.002387923452859385,0.002062297527469469,8.210226323933784E-4,2.3934897079942556E-4,0.00238514032529195,0.0013887806561501553,0.006718469947788527
subreddit,month,count(1),sum(wordcount),absolutist_freq,funct_freq,pronoun_freq,i_freq,we_freq,you_freq,shehe_freq,they_freq,article_freq,verb_freq,auxverb_freq,past_freq,present_freq,future_freq,adverb_freq,preps_freq,conjunctions_freq,negate_freq,quant_freq,number_freq,swear_freq,social_freq,family_freq,friend_freq,humans_freq,affect_freq,posemo_freq,negemo_freq,anx_freq,anger_freq,sad_freq,cogmech_freq,insight_freq,cause_freq,discrep_freq,tentat_freq,certain_freq,inhib_freq,percept_freq,bio_freq,body_freq,ingest_freq,relativ_freq,motion_freq,space_freq,time_freq,work_freq,achieve_freq,leisure_freq,home_freq,money_freq,relig_freq,death_freq,assent_freq,nonfl_freq,filler_freq
techsupport,16-12,5050,973018,0.011028572955484893,0.5420053894172564,0.14727374005414082,0.0773644475230674,0.0012939123428343565,0.0027964539196602737,0.0014223786199227559,0.0030636637760041436,0.06899872355907084,0.142671564143726,0.09304144424871894,0.03353997562223926,0.09044334226088314,0.008699736284426393,0.049300218495444074,0.11444392601164624,0.07118367799979035,0.021575140439334114,0.02955546557206547,0.0063339013255664335,5.220869500872543E-4,0.026948114012279322,4.4603491405092197E-4,4.069811658160486E-4,6.762464825933333E-4,0.02639416742547414,0.01782906379943639,0.008418138205048623,4.367853421005572E-4,0.0013864080623380041,0.0013668811882205673,0.15326746267797717,0.01394116038963308,0.014562937170740932,0.020305893621700728,0.030926457681152868,0.01173667907479615,0.003156159495507791,0.014781843706899564,0.0023391139732255725,9.105689720025734E-4,4.450071838342148E-4,0.12287439697929535,0.017151789586626352,0.05078117773771914,0.05052732837419246,0.01569241267890214,0.018920513289579433,0.0097151337385331,0.0022856720019567983,0.0035518356289400608,3.494282736804458E-4,5.991667163402938E-4,0.0010082033425897567,7.707976625303952E-4,0.0023596685775597163
subreddit,month,count(1),sum(wordcount),absolutist_freq,funct_freq,pronoun_freq,i_freq,we_freq,you_freq,shehe_freq,they_freq,article_freq,verb_freq,auxverb_freq,past_freq,present_freq,future_freq,adverb_freq,preps_freq,conjunctions_freq,negate_freq,quant_freq,number_freq,swear_freq,social_freq,family_freq,friend_freq,humans_freq,affect_freq,posemo_freq,negemo_freq,anx_freq,anger_freq,sad_freq,cogmech_freq,insight_freq,cause_freq,discrep_freq,tentat_freq,certain_freq,inhib_freq,percept_freq,bio_freq,body_freq,ingest_freq,relativ_freq,motion_freq,space_freq,time_freq,work_freq,achieve_freq,leisure_freq,home_freq,money_freq,relig_freq,death_freq,assent_freq,nonfl_freq,filler_freq
hockey,16-12,456,108350,0.005759113982464236,0.33880018458698663,0.06384863867097369,0.01214582371942778,0.004051684356252884,0.008084910013844024,0.007235809875403784,0.004688509460083064,0.050244577757268115,0.07611444393170282,0.04730041532071989,0.01822796492847254,0.04602676511305953,0.005380710659898477,0.024706968158744808,0.10656206737425011,0.03672358098754038,0.007235809875403784,0.01949238578680203,0.005362251961236733,5.260729118597139E-4,0.04980156898938625,6.3682510383018E-4,2.030456852791878E-4,0.001652053530226119,0.034960775265343795,0.019852330410706047,0.014970004614674666,3.230272265805261E-4,0.0115089986155976,0.0015043839409321642,0.08625749884633134,0.008638670973696354,0.0070696815874480845,0.009367789570835255,0.017886479003230274,0.007365020766035994,0.0025842178126442086,0.013244116289801568,0.009653899400092293,0.008297185048454085,2.1227503461005999E-4,0.09086294416243655,0.01146285186894324,0.042519612367328104,0.03550530687586525,0.01087217351176742,0.016465159206275958,0.018320258421781265,9.967697277341947E-4,0.0038670973696354406,6.829718504845409E-4,5.537609598523304E-4,4.891555145362252E-4,4.891555145362252E-4,0.0012367328103368713
subreddit,month,count(1),sum(wordcount),absolutist_freq,funct_freq,pronoun_freq,i_freq,we_freq,you_freq,shehe_freq,they_freq,article_freq,verb_freq,auxverb_freq,past_freq,present_freq,future_freq,adverb_freq,preps_freq,conjunctions_freq,negate_freq,quant_freq,number_freq,swear_freq,social_freq,family_freq,friend_freq,humans_freq,affect_freq,posemo_freq,negemo_freq,anx_freq,anger_freq,sad_freq,cogmech_freq,insight_freq,cause_freq,discrep_freq,tentat_freq,certain_freq,inhib_freq,percept_freq,bio_freq,body_freq,ingest_freq,relativ_freq,motion_freq,space_freq,time_freq,work_freq,achieve_freq,leisure_freq,home_freq,money_freq,relig_freq,death_freq,assent_freq,nonfl_freq,filler_freq
Advice,16-12,3325,1004507,0.012419027443312988,0.633931869066119,0.21380338812969946,0.10383202904509377,0.007727173628456547,0.0039123669621018075,0.031030147126899065,0.007214484319173485,0.05118331679122196,0.1783601308900784,0.11478566102575691,0.04485882129243499,0.11051092725088028,0.010291615688093761,0.05938037266041949,0.13144457928117972,0.07894917606348188,0.023566784502248368,0.0292133354969154,0.006489750693623837,0.0017809731539949448,0.09705158849067254,0.0060835812990850235,0.0024489625258957877,0.007477299809757423,0.04109578131361952,0.02608045538756823,0.014573318055523754,0.0020169097875873438,0.004501710789471851,0.0031239204903499925,0.18320429822788692,0.02146625160402068,0.01565544092773868,0.025863433505192098,0.030199889099827078,0.013656450378145698,0.0032583147753076883,0.014519560341540677,0.012422013982978715,0.0036804123813970434,0.0021861470353118496,0.12978207220059193,0.017419490356961175,0.05457403482504353,0.05458896752337216,0.0167365682867317,0.01272265897599519,0.00630458523434879,0.0059462004744616015,0.006521607116724921,9.726164178049531E-4,5.992989595891317E-4,0.0014345345527706627,0.0011408581523075498,0.005249341219125402
subreddit,month,count(1),sum(wordcount),absolutist_freq,funct_freq,pronoun_freq,i_freq,we_freq,you_freq,shehe_freq,they_freq,article_freq,verb_freq,auxverb_freq,past_freq,present_freq,future_freq,adverb_freq,preps_freq,conjunctions_freq,negate_freq,quant_freq,number_freq,swear_freq,social_freq,family_freq,friend_freq,humans_freq,affect_freq,posemo_freq,negemo_freq,anx_freq,anger_freq,sad_freq,cogmech_freq,insight_freq,cause_freq,discrep_freq,tentat_freq,certain_freq,inhib_freq,percept_freq,bio_freq,body_freq,ingest_freq,relativ_freq,motion_freq,space_freq,time_freq,work_freq,achieve_freq,leisure_freq,home_freq,money_freq,relig_freq,death_freq,assent_freq,nonfl_freq,filler_freq
OCD,16-12,243,64968,0.012790912449205763,0.6352358083979806,0.21858453392439356,0.11967430119443419,0.0022010836103928087,0.005602758280999877,0.009096786110084965,0.005571973894840537,0.049054919344908264,0.1840290604605344,0.12296823051348356,0.041081763329639205,0.11950498707055782,0.010220416204900874,0.062476911710380494,0.12406107622214013,0.08576529983992119,0.021164265484546238,0.028044575791158724,0.006018347494150967,0.0015546115010466692,0.05521179657677626,0.0026628494027829087,7.850018470631695E-4,0.006495505479620737,0.04456039896564463,0.024519763575914295,0.019594261790419898,0.0049255017854943975,0.004509912572343308,0.0031861839674916883,0.19935968476788574,0.0325698805565817,0.016654352912202932,0.026982514468661494,0.03798793252062554,0.015530722817387021,0.0037249107252801377,0.01953269301810122,0.023750153921930795,0.007111193202807536,0.001985592907277429,0.11875076960965399,0.014160817633296392,0.048670114517916516,0.05284139884250708,0.006326191355744366,0.010497475680334933,0.004355990641546607,0.004417559413865287,0.0028475557197389484,0.0015238271148873292,8.465706193818496E-4,0.0015546115010466692,0.0011082379017362395,0.006418544514222386
subreddit,month,count(1),sum(wordcount),absolutist_freq,funct_freq,pronoun_freq,i_freq,we_freq,you_freq,shehe_freq,they_freq,article_freq,verb_freq,auxverb_freq,past_freq,present_freq,future_freq,adverb_freq,preps_freq,conjunctions_freq,negate_freq,quant_freq,number_freq,swear_freq,social_freq,family_freq,friend_freq,humans_freq,affect_freq,posemo_freq,negemo_freq,anx_freq,anger_freq,sad_freq,cogmech_freq,insight_freq,cause_freq,discrep_freq,tentat_freq,certain_freq,inhib_freq,percept_freq,bio_freq,body_freq,ingest_freq,relativ_freq,motion_freq,space_freq,time_freq,work_freq,achieve_freq,leisure_freq,home_freq,money_freq,relig_freq,death_freq,assent_freq,nonfl_freq,filler_freq
depression,16-12,4217,1292016,0.01695489839135119,0.6371368466025189,0.22043844658270487,0.12527012049386385,0.0034689972879592824,0.006236764869784894,0.01356484749414868,0.006585831754405518,0.04574014563287142,0.1894086450941784,0.12034216294535052,0.04231062154029052,0.12474768114326758,0.008954223477108643,0.06320122970613368,0.12785522779903655,0.07764996718306894,0.027844082426223823,0.030828565590519004,0.006326547039665144,0.0029891270696338124,0.07095964755854417,0.004488334509789352,0.0015634481306733043,0.007849747990736957,0.05139564835110401,0.02883787816869141,0.021995083652214833,0.002236814404775173,0.006825766863568253,0.006378403982613219,0.19081574841178436,0.026724127255390025,0.01725907419103169,0.025896738120890144,0.031244969102549813,0.017242046538123366,0.00361528030612624,0.01793398843357977,0.017853494074376787,0.005325011454966502,0.002066537875691942,0.12687613775680798,0.01568092036011938,0.05059534866441282,0.0572725105571448,0.011232059045708412,0.013675527238052779,0.005867574395363525,0.004431833661502644,0.0033954687867642505,0.0012971975579249792,0.0020286126487597676,0.0014047813649366572,0.0010479746380849773,0.006249148617354584
subreddit,month,count(1),sum(wordcount),absolutist_freq,funct_freq,pronoun_freq,i_freq,we_freq,you_freq,shehe_freq,they_freq,article_freq,verb_freq,auxverb_freq,past_freq,present_freq,future_freq,adverb_freq,preps_freq,conjunctions_freq,negate_freq,quant_freq,number_freq,swear_freq,social_freq,family_freq,friend_freq,humans_freq,affect_freq,posemo_freq,negemo_freq,anx_freq,anger_freq,sad_freq,cogmech_freq,insight_freq,cause_freq,discrep_freq,tentat_freq,certain_freq,inhib_freq,percept_freq,bio_freq,body_freq,ingest_freq,relativ_freq,motion_freq,space_freq,time_freq,work_freq,achieve_freq,leisure_freq,home_freq,money_freq,relig_freq,death_freq,assent_freq,nonfl_freq,filler_freq
laptops,16-12,201,41370,0.006212231085327532,0.5338651196519216,0.1391346386270244,0.05496736765772299,0.001160261058738216,0.024341310128112158,0.001692047377326565,0.0021996615905245345,0.06258158085569253,0.14568527918781726,0.10594633792603336,0.014793328498912255,0.10357747159777617,0.013270485859318346,0.04234952864394489,0.10986221899927484,0.07483683828861494,0.017573120618805897,0.03686246072032874,0.004665216340343244,3.8675368624607205E-4,0.04239787285472565,4.5927000241721054E-4,3.3840947546531303E-4,5.317863185883491E-4,0.03947304810248973,0.03468697123519458,0.004568527918781726,2.90065264684554E-4,0.001256949480299734,0.001208605269518975,0.16577229876722263,0.015929417452260092,0.012569494802997341,0.03657239545564419,0.04902102973168963,0.010128112158569012,0.0016195310611554267,0.01899927483683829,0.007541696881798405,0.0011360889533478366,0.002272177906695673,0.0903311578438482,0.01982112642011119,0.04297800338409476,0.024969784868262027,0.022890983804689388,0.011771815325114817,0.01070824268793812,0.001160261058738216,0.013850616388687455,2.6589315929417454E-4,2.90065264684554E-4,8.21851583272903E-4,0.0010394005317863185,0.004471839497220208
subreddit,month,count(1),sum(wordcount),absolutist_freq,funct_freq,pronoun_freq,i_freq,we_freq,you_freq,shehe_freq,they_freq,article_freq,verb_freq,auxverb_freq,past_freq,present_freq,future_freq,adverb_freq,preps_freq,conjunctions_freq,negate_freq,quant_freq,number_freq,swear_freq,social_freq,family_freq,friend_freq,humans_freq,affect_freq,posemo_freq,negemo_freq,anx_freq,anger_freq,sad_freq,cogmech_freq,insight_freq,cause_freq,discrep_freq,tentat_freq,certain_freq,inhib_freq,percept_freq,bio_freq,body_freq,ingest_freq,relativ_freq,motion_freq,space_freq,time_freq,work_freq,achieve_freq,leisure_freq,home_freq,money_freq,relig_freq,death_freq,assent_freq,nonfl_freq,filler_freq
LSD,16-12,610,209932,0.014204599584627404,0.6068965188727778,0.1843454070841987,0.09180591810681554,0.00898862488805899,0.007378579730579426,0.007650096221633672,0.004882533391764953,0.060562467846731326,0.16187622658765696,0.09908446544595392,0.061867652382676296,0.08017358001638626,0.008116914048358516,0.05819979802983823,0.13186174570813405,0.07891602995255606,0.016224301202294077,0.03216279557189947,0.008450355353161977,0.002176895375645447,0.0576662919421527,0.0013004210887334947,0.002391250500161957,0.004510984509269668,0.04169445344206695,0.028237715069641598,0.012947049520797211,0.001948249909494503,0.00410132804908256,0.002353142922470133,0.1839119333879542,0.025279614351313758,0.013137587409256331,0.022150029533372712,0.030195491873559056,0.016319570146523635,0.0032820151287083436,0.02482232341901187,0.017367528533048796,0.007297601127984299,0.002157841586799535,0.14581388259055314,0.027118304974944267,0.06084827467942,0.05416992168892784,0.004892060286187909,0.012151553836480384,0.006178191033286969,0.0041584894156202964,0.001948249909494503,0.0013004210887334947,0.0012146790389268905,0.001972067145551893,8.145494731627384E-4,0.006273459977516529
subreddit,month,count(1),sum(wordcount),absolutist_freq,funct_freq,pronoun_freq,i_freq,we_freq,you_freq,shehe_freq,they_freq,article_freq,verb_freq,auxverb_freq,past_freq,present_freq,future_freq,adverb_freq,preps_freq,conjunctions_freq,negate_freq,quant_freq,number_freq,swear_freq,social_freq,family_freq,friend_freq,humans_freq,affect_freq,posemo_freq,negemo_freq,anx_freq,anger_freq,sad_freq,cogmech_freq,insight_freq,cause_freq,discrep_freq,tentat_freq,certain_freq,inhib_freq,percept_freq,bio_freq,body_freq,ingest_freq,relativ_freq,motion_freq,space_freq,time_freq,work_freq,achieve_freq,leisure_freq,home_freq,money_freq,relig_freq,death_freq,assent_freq,nonfl_freq,filler_freq
anime,16-12,702,196834,0.009673125577898128,0.5200371886970747,0.12722395521098998,0.0348923458345611,0.004110062285987177,0.010536797504496175,0.009967790117560991,0.006960179643760733,0.07238586829511162,0.12456181350782893,0.08168812298688234,0.025478321834642388,0.08038245425079,0.008372537264903421,0.04795919404167979,0.11866344229147403,0.06375930987532642,0.01563246187142465,0.03702612353556804,0.009662964731702856,9.297174268673096E-4,0.05985246451324466,9.043153113791316E-4,5.182031559588283E-4,0.006685836796488411,0.04091264720525926,0.029745877236656268,0.010064318156416067,7.773047339382424E-4,0.003871282400398305,0.0018797565461251614,0.145625247670626,0.017415690378694736,0.013635855594053873,0.019097310424012113,0.031432577705071275,0.011131207006919537,0.0024944877409390654,0.014880559252974587,0.0073869351839621206,0.0024233618175721673,6.198116179115397E-4,0.10805551886361096,0.011258217584360426,0.04689738561427396,0.046465549650974936,0.007859414532042228,0.011903431317760144,0.011847546663686152,0.0015393681985835781,0.0024690856254508875,0.001681620045317374,0.0015901724295599338,0.002001686700468415,0.0018391131613440766,0.004516496133798023
subreddit,month,count(1),sum(wordcount),absolutist_freq,funct_freq,pronoun_freq,i_freq,we_freq,you_freq,shehe_freq,they_freq,article_freq,verb_freq,auxverb_freq,past_freq,present_freq,future_freq,adverb_freq,preps_freq,conjunctions_freq,negate_freq,quant_freq,number_freq,swear_freq,social_freq,family_freq,friend_freq,humans_freq,affect_freq,posemo_freq,negemo_freq,anx_freq,anger_freq,sad_freq,cogmech_freq,insight_freq,cause_freq,discrep_freq,tentat_freq,certain_freq,inhib_freq,percept_freq,bio_freq,body_freq,ingest_freq,relativ_freq,motion_freq,space_freq,time_freq,work_freq,achieve_freq,leisure_freq,home_freq,money_freq,relig_freq,death_freq,assent_freq,nonfl_freq,filler_freq
darksouls3,16-12,908,233931,0.01003714770594748,0.5607422701565846,0.14046449594111085,0.04652226511236219,0.0045996469044290835,0.01303803258225716,0.00975073846561593,0.0073867935416853684,0.07726209865302162,0.13880161244127542,0.09065066194732635,0.028585352091001194,0.08875694114931326,0.009472878754846514,0.05089534948339468,0.12987162881362452,0.0706533123014906,0.015624265274803253,0.03237279368702737,0.009105248983674673,0.0017312797363325083,0.061706229614715453,8.549529562135843E-4,4.8304842026067514E-4,0.004125148013730545,0.043867636183319014,0.027495287071828873,0.016184259461123153,7.65182895811158E-4,0.009874706644266899,0.002457989749114055,0.16027803070136065,0.017445315071538188,0.01690669470912363,0.020403452300037192,0.031834173324612816,0.012187354390824644,0.0036036267104402582,0.016158610872436745,0.0077715223719814815,0.0035779781217538504,6.155661284737808E-4,0.10870299361777618,0.012242926332978528,0.053921882948390766,0.03885761185990741,0.006694281647152365,0.01435893489960715,0.010558669009237766,0.001038767841799505,0.002334021570463085,0.008028008258845558,0.0027657728133509453,0.0017312797363325083,0.0012824294343203766,0.004167895661541223
subreddit,month,count(1),sum(wordcount),absolutist_freq,funct_freq,pronoun_freq,i_freq,we_freq,you_freq,shehe_freq,they_freq,article_freq,verb_freq,auxverb_freq,past_freq,present_freq,future_freq,adverb_freq,preps_freq,conjunctions_freq,negate_freq,quant_freq,number_freq,swear_freq,social_freq,family_freq,friend_freq,humans_freq,affect_freq,posemo_freq,negemo_freq,anx_freq,anger_freq,sad_freq,cogmech_freq,insight_freq,cause_freq,discrep_freq,tentat_freq,certain_freq,inhib_freq,percept_freq,bio_freq,body_freq,ingest_freq,relativ_freq,motion_freq,space_freq,time_freq,work_freq,achieve_freq,leisure_freq,home_freq,money_freq,relig_freq,death_freq,assent_freq,nonfl_freq,filler_freq
heroesofthestorm,16-12,1220,346762,0.010087610522490931,0.5366822200817852,0.12616145944480653,0.03354173756063236,0.005147622865250518,0.015584175890091763,0.010543254451179773,0.00816698484839746,0.06401220433611526,0.13426500020186757,0.08864581470864744,0.021510430785380175,0.08929179091134554,0.010696097034853877,0.050337118830783074,0.12867038487492863,0.0680062982679763,0.016377227031797024,0.035243192737381836,0.008648583178087565,8.247731873734723E-4,0.07002785772374136,1.4419111667368395E-4,4.2103806068715717E-4,0.0034577029778349415,0.05281720603757044,0.03759062411682941,0.014987224667062711,0.0010208731060496825,0.007221091123018093,0.0031433663434863104,0.15867655625472227,0.015483242108420184,0.018219989502886707,0.022381345130089225,0.032391092449576366,0.011740040719571349,0.0038902763278559935,0.01080856610585935,0.007180717610349462,0.0018946712730922074,5.767644666947358E-4,0.11362259993886296,0.012091867044255137,0.054994491899343065,0.04312179535243193,0.009819415045477878,0.02620240972194185,0.019214908207935127,4.58527751022315E-4,0.003175088389154521,0.001563031704742734,0.0023330122677802066,0.0017129904660833654,0.0012919524053962084,0.004054654200863993
subreddit,month,count(1),sum(wordcount),absolutist_freq,funct_freq,pronoun_freq,i_freq,we_freq,you_freq,shehe_freq,they_freq,article_freq,verb_freq,auxverb_freq,past_freq,present_freq,future_freq,adverb_freq,preps_freq,conjunctions_freq,negate_freq,quant_freq,number_freq,swear_freq,social_freq,family_freq,friend_freq,humans_freq,affect_freq,posemo_freq,negemo_freq,anx_freq,anger_freq,sad_freq,cogmech_freq,insight_freq,cause_freq,discrep_freq,tentat_freq,certain_freq,inhib_freq,percept_freq,bio_freq,body_freq,ingest_freq,relativ_freq,motion_freq,space_freq,time_freq,work_freq,achieve_freq,leisure_freq,home_freq,money_freq,relig_freq,death_freq,assent_freq,nonfl_freq,filler_freq
SuggestALaptop,16-12,1601,436638,0.00445220067882319,0.5093189323879278,0.1285985186813791,0.039048365007168406,7.122604995442449E-4,0.042595926144769806,0.001099308809585973,0.0010878576761527857,0.047194701331537796,0.13862055066210455,0.10660089135622644,0.00646760016306414,0.10104938186781727,0.015264360866438561,0.035610734750525605,0.10168148443332921,0.07733408452768654,0.017153797882914452,0.041711898643727756,0.0025696343424072114,1.7863768155772057E-4,0.05312867867661541,3.2292196281587953E-4,2.1986176191719455E-4,3.504046830555288E-4,0.04642518516482762,0.04314100009618952,0.0027986570110709558,2.152813085439197E-4,6.87068005991233E-4,8.588350074890412E-4,0.16872558045795372,0.015518576028655317,0.012701597204091261,0.04418992391866947,0.05844200458961428,0.010757194747136071,9.321222614614395E-4,0.020527301792331407,0.010523591625099053,5.656859915994485E-4,0.003936899674329765,0.08019686788598336,0.027173539636953264,0.037351307032370065,0.014639128980986538,0.02251292832964607,0.011409909352827742,0.013725328533018197,8.977688611618778E-4,0.0151567202121666,2.5192493553011875E-4,2.6795652233658086E-4,9.50444074954539E-4,9.344124881480769E-4,0.003982704208062514
subreddit,month,count(1),sum(wordcount),absolutist_freq,funct_freq,pronoun_freq,i_freq,we_freq,you_freq,shehe_freq,they_freq,article_freq,verb_freq,auxverb_freq,past_freq,present_freq,future_freq,adverb_freq,preps_freq,conjunctions_freq,negate_freq,quant_freq,number_freq,swear_freq,social_freq,family_freq,friend_freq,humans_freq,affect_freq,posemo_freq,negemo_freq,anx_freq,anger_freq,sad_freq,cogmech_freq,insight_freq,cause_freq,discrep_freq,tentat_freq,certain_freq,inhib_freq,percept_freq,bio_freq,body_freq,ingest_freq,relativ_freq,motion_freq,space_freq,time_freq,work_freq,achieve_freq,leisure_freq,home_freq,money_freq,relig_freq,death_freq,assent_freq,nonfl_freq,filler_freq
FIFA,16-12,1437,325535,0.012840401185740397,0.5589137880719431,0.149593745680188,0.05768964934646044,0.002979710323006743,0.014164375566375351,0.01463129924585682,0.006767321486168922,0.06561199256608352,0.14438693228070715,0.0926966378423211,0.028645153362925644,0.09515720275853595,0.009977421782604022,0.05267636352465941,0.12447816671018477,0.07141167616385335,0.017481991183743682,0.034294315511388944,0.007750318706129909,0.002561936504523323,0.06728001597370482,2.8568356705116195E-4,3.194740964873209E-4,0.003965779409280108,0.04937103537254059,0.03631253167862135,0.01292948530879936,5.74439000414702E-4,0.0055047844317815285,0.0031486629701875375,0.16138049672078272,0.015758674182499578,0.016793893129770993,0.022175802909057397,0.03239897399665167,0.014597508716420661,0.004088654061775231,0.010327614542215122,0.00633726020243599,0.0029336323283210715,4.454206152948224E-4,0.12285314943093677,0.01621638226304391,0.05648854961832061,0.046594068226150795,0.010149446296097193,0.022777888706283504,0.024326109327722056,5.652234014775677E-4,0.008619656872532907,9.492066905248284E-4,2.672523691768934E-4,0.001836976054802095,0.0013946273058196507,0.00418695378377133
subreddit,month,count(1),sum(wordcount),absolutist_freq,funct_freq,pronoun_freq,i_freq,we_freq,you_freq,shehe_freq,they_freq,article_freq,verb_freq,auxverb_freq,past_freq,present_freq,future_freq,adverb_freq,preps_freq,conjunctions_freq,negate_freq,quant_freq,number_freq,swear_freq,social_freq,family_freq,friend_freq,humans_freq,affect_freq,posemo_freq,negemo_freq,anx_freq,anger_freq,sad_freq,cogmech_freq,insight_freq,cause_freq,discrep_freq,tentat_freq,certain_freq,inhib_freq,percept_freq,bio_freq,body_freq,ingest_freq,relativ_freq,motion_freq,space_freq,time_freq,work_freq,achieve_freq,leisure_freq,home_freq,money_freq,relig_freq,death_freq,assent_freq,nonfl_freq,filler_freq
Anxiety,16-12,1398,393111,0.014403056643034665,0.6290258985375632,0.2117595284792336,0.11901218739745263,0.003678350389584621,0.00516647969657425,0.011482761866241342,0.005733749500777134,0.04818486381708983,0.18514363627575928,0.12058935008178352,0.04252997245052924,0.12124310945254649,0.008414926064139645,0.06235643367903722,0.12946979351887888,0.08167158894052824,0.023331832484972437,0.029841444274009123,0.0061051458748292466,0.0015797064951120676,0.06174083146999194,0.002688807995706047,0.001104013879031622,0.005555682746094614,0.0483934563011465,0.025806960375059463,0.02206501471594537,0.005909272444678475,0.004863766213613966,0.004098079168479132,0.18916031349924067,0.026648961743629664,0.016598365347192015,0.02406444998995195,0.03361900328405972,0.01492199404239515,0.0040370277097308395,0.018366313840111316,0.018905601725721234,0.007499154182915258,0.0023224992432162926,0.13072643604478124,0.0167204682646886,0.05150962450809059,0.059067286338972964,0.012273887019187964,0.013339743736501904,0.004990956752672909,0.004072641060667344,0.0027752975622661285,9.259471243491024E-4,0.001037874798720972,0.0015313740902696694,0.0011650653377799146,0.00627558119716823
subreddit,month,count(1),sum(wordcount),absolutist_freq,funct_freq,pronoun_freq,i_freq,we_freq,you_freq,shehe_freq,they_freq,article_freq,verb_freq,auxverb_freq,past_freq,present_freq,future_freq,adverb_freq,preps_freq,conjunctions_freq,negate_freq,quant_freq,number_freq,swear_freq,social_freq,family_freq,friend_freq,humans_freq,affect_freq,posemo_freq,negemo_freq,anx_freq,anger_freq,sad_freq,cogmech_freq,insight_freq,cause_freq,discrep_freq,tentat_freq,certain_freq,inhib_freq,percept_freq,bio_freq,body_freq,ingest_freq,relativ_freq,motion_freq,space_freq,time_freq,work_freq,achieve_freq,leisure_freq,home_freq,money_freq,relig_freq,death_freq,assent_freq,nonfl_freq,filler_freq
MDMA,16-12,237,59968,0.013673959445037354,0.599219583778015,0.17651080576307365,0.09108191035218784,0.007470651013874066,0.00576974386339381,0.007637406616862326,0.004185565635005336,0.060965848452508006,0.16568836712913554,0.10362193169690502,0.05299493062966916,0.09049826574172892,0.010055362860192103,0.05791422091782284,0.1251834311632871,0.08004268943436499,0.01659218249733191,0.03591915688367129,0.011822972251867663,0.002101120597652081,0.053295090715048024,0.0010505602988260406,0.0026680896478121665,0.00425226787620064,0.042506003201707575,0.030716382070437566,0.011289354322305229,0.0014674493062966916,0.0041021878335112056,0.0017175827107790821,0.18029615795090714,0.023112326574172892,0.012456643543223051,0.022528681963713982,0.03250066702241195,0.015008004268943437,0.0033851387406616863,0.023262406616862328,0.022578708644610458,0.006803628601921024,0.004068836712913554,0.13942435965848451,0.016942369263607256,0.053728655282817506,0.06483457844183564,0.006003201707577375,0.012823505869797224,0.006520144076840982,0.002934898612593383,0.0019677161152614727,9.671824973319104E-4,7.337246531483458E-4,0.00256803628601921,7.504002134471719E-4,0.005452908217716115
subreddit,month,count(1),sum(wordcount),absolutist_freq,funct_freq,pronoun_freq,i_freq,we_freq,you_freq,shehe_freq,they_freq,article_freq,verb_freq,auxverb_freq,past_freq,present_freq,future_freq,adverb_freq,preps_freq,conjunctions_freq,negate_freq,quant_freq,number_freq,swear_freq,social_freq,family_freq,friend_freq,humans_freq,affect_freq,posemo_freq,negemo_freq,anx_freq,anger_freq,sad_freq,cogmech_freq,insight_freq,cause_freq,discrep_freq,tentat_freq,certain_freq,inhib_freq,percept_freq,bio_freq,body_freq,ingest_freq,relativ_freq,motion_freq,space_freq,time_freq,work_freq,achieve_freq,leisure_freq,home_freq,money_freq,relig_freq,death_freq,assent_freq,nonfl_freq,filler_freq
nba,16-12,599,162249,0.008234257221924326,0.4818211514400705,0.0985645520157289,0.018040172820787802,0.0035500989220272543,0.005694950354085388,0.02026514801323891,0.008943044333092962,0.07502665655874613,0.11615479910507923,0.0791129683387879,0.02571972708614537,0.07114373586277882,0.009017004727301863,0.040900097997522325,0.12039519503972289,0.058052746087803316,0.012597920480249493,0.029393093331854126,0.009053984924406313,9.429950261634894E-4,0.06583707757829016,3.513118724922804E-4,2.095544502585532E-4,0.003414504865977602,0.03956264753557803,0.028641162657396965,0.010668786864633989,5.177227594623079E-4,0.0031802969509827487,0.003130990021510148,0.12846920474086126,0.012634900677353943,0.012511633353672441,0.016523984739505327,0.02378443010434579,0.010564009639504712,0.002983069233092346,0.011913786833817157,0.004758118694105973,0.0024468563750778124,2.342079149948536E-4,0.11523029417746797,0.012018564058946433,0.058521161917793024,0.04189239995315842,0.012215791776836838,0.021319083630715753,0.018601039143538636,0.0014175742223372716,0.005140247397518629,6.656435478801103E-4,2.5269801354707886E-4,0.0011895296735264932,0.0011340593778698174,0.0031741335847986735
subreddit,month,count(1),sum(wordcount),absolutist_freq,funct_freq,pronoun_freq,i_freq,we_freq,you_freq,shehe_freq,they_freq,article_freq,verb_freq,auxverb_freq,past_freq,present_freq,future_freq,adverb_freq,preps_freq,conjunctions_freq,negate_freq,quant_freq,number_freq,swear_freq,social_freq,family_freq,friend_freq,humans_freq,affect_freq,posemo_freq,negemo_freq,anx_freq,anger_freq,sad_freq,cogmech_freq,insight_freq,cause_freq,discrep_freq,tentat_freq,certain_freq,inhib_freq,percept_freq,bio_freq,body_freq,ingest_freq,relativ_freq,motion_freq,space_freq,time_freq,work_freq,achieve_freq,leisure_freq,home_freq,money_freq,relig_freq,death_freq,assent_freq,nonfl_freq,filler_freq
ADHD,16-12,987,265962,0.013125935283987937,0.6118129657620262,0.19519705822636316,0.10809438942405306,0.0025529962927034688,0.008144020574367767,0.007331874478308931,0.004955595160210857,0.051202803408005655,0.17575443108413985,0.11535106518976396,0.03810694760905693,0.11671968175904829,0.007959783728502569,0.0593054646904445,0.13180830344184508,0.07881577067400607,0.02160083019378708,0.03142554199472105,0.006444529669652055,0.0016994909047157113,0.05425587113948609,0.0019965258194779706,5.639903444853024E-4,0.005169911491115272,0.03803174889645889,0.023792872666019958,0.013686165692843338,0.0018799678149510081,0.003523059685218189,0.00285379114309563,0.18030395319632128,0.023488317879997896,0.01665651484046593,0.023713914017792017,0.033963498544904915,0.014058399320203639,0.004169768613561336,0.015453335438897287,0.016806912265662013,0.005350388401350569,0.002492837322625037,0.12470202510133027,0.01381776343988991,0.05175175400997135,0.0555831284168415,0.01876207879321106,0.015904527714485528,0.005354148336980471,0.00285379114309563,0.0035681789127770132,6.767884133823628E-4,3.4215414232108347E-4,0.00139869605432355,0.0012670983072769794,0.005639903444853024
subreddit,month,count(1),sum(wordcount),absolutist_freq,funct_freq,pronoun_freq,i_freq,we_freq,you_freq,shehe_freq,they_freq,article_freq,verb_freq,auxverb_freq,past_freq,present_freq,future_freq,adverb_freq,preps_freq,conjunctions_freq,negate_freq,quant_freq,number_freq,swear_freq,social_freq,family_freq,friend_freq,humans_freq,affect_freq,posemo_freq,negemo_freq,anx_freq,anger_freq,sad_freq,cogmech_freq,insight_freq,cause_freq,discrep_freq,tentat_freq,certain_freq,inhib_freq,percept_freq,bio_freq,body_freq,ingest_freq,relativ_freq,motion_freq,space_freq,time_freq,work_freq,achieve_freq,leisure_freq,home_freq,money_freq,relig_freq,death_freq,assent_freq,nonfl_freq,filler_freq
Drugs,16-12,2095,630629,0.012749175822868913,0.5980108748566907,0.1802517803653178,0.09042559095759947,0.0061858874235089095,0.007329190379763696,0.009874268389179692,0.005296299409002758,0.057970692752791264,0.16366675176688672,0.10092780382760703,0.05408885414403714,0.08883828685328458,0.008945037415025316,0.05809437878689372,0.12999560756007097,0.07842011705773125,0.018116832559238474,0.03298294242732256,0.008412236037353183,0.003566280649954252,0.057420448472873906,0.0014350751392657173,0.0021882913725819776,0.004560526077931715,0.041070106195560306,0.02657188299301174,0.014149365157644193,0.0016951329545580682,0.005621371678118196,0.002172434188722688,0.17793821724024744,0.022301543379705024,0.013935293175543782,0.022531472545664726,0.0324485553312645,0.014266708318202937,0.0037962098159139528,0.02058738180451581,0.024180619667030855,0.00798409207315236,0.0047428836923135475,0.13659378176392142,0.019653393675203645,0.05761232039757131,0.05575702988603442,0.006891532105247301,0.011342643614549917,0.0061747873948074065,0.004143482142432397,0.0028590502498299316,0.0010053454566789665,9.609453418729555E-4,0.002023376660445365,0.0010513312898709068,0.005844957970534181
